,frame,pos_x,pos_y,size,id
0,1.0,62.14211886304909,9.992248062015504,64.5,A
1,1.0,310.8207547169811,10.374213836477987,53.0,B
2,1.0,603.7492625368731,6.67551622418879,56.5,C
3,1.0,148.29032258064515,121.38978494623655,124.0,D
4,1.0,848.574014909478,4.543130990415335,156.5,E
5,1.0,457.8671274961597,4.440092165898617,217.0,F
6,1.0,684.0281124497991,124.03534136546185,207.5,G
7,1.0,1096.1604278074867,6.148841354723707,187.0,H
8,1.0,916.4383680555555,248.52604166666666,192.0,I
9,2.0,62.114666666666665,10.085333333333333,62.5,A
10,2.0,310.5565749235474,10.296636085626911,54.5,B
11,2.0,603.9848484848484,6.603030303030303,55.0,C
12,2.0,148.39720558882235,114.05189620758482,83.5,D
13,2.0,848.5067920585161,4.4890282131661445,159.5,E
14,2.0,457.9091608929946,4.418013856812933,216.5,F
15,2.0,681.7945544554456,104.78630363036304,202.0,G
16,2.0,1096.152511415525,6.157077625570776,182.5,H
17,2.0,915.8670260557052,259.31805929919136,185.5,I
18,3.0,62.114666666666665,10.085333333333333,62.5,A
19,3.0,310.69579288025886,10.420711974110032,51.5,B
20,3.0,603.8422619047618,6.651785714285714,56.0,C
21,3.0,148.41255605381167,97.7608370702541,111.5,D
22,3.0,848.5067920585161,4.4890282131661445,159.5,E
23,3.0,457.8172782874617,4.431192660550459,218.0,F
24,3.0,919.2854901960784,289.44,212.5,G
25,3.0,1096.152511415525,6.157077625570776,182.5,H
26,4.0,62.114666666666665,10.085333333333333,62.5,A
27,4.0,310.69579288025886,10.420711974110032,51.5,B
28,4.0,603.9458689458688,6.737891737891737,58.5,C
29,4.0,690.4759615384615,65.4639423076923,208.0,D
30,4.0,848.4751322751322,4.529100529100528,157.5,E
31,4.0,457.7380952380952,4.444700460829493,217.0,F
32,4.0,918.4213528932355,304.8834555827221,204.5,G
33,4.0,1096.1423324150596,6.138659320477501,181.5,H
34,4.0,148.69117647058823,85.21323529411765,68.0,I
35,5.0,62.114666666666665,10.085333333333333,62.5,A
36,5.0,310.69579288025886,10.420711974110032,51.5,B
37,5.0,603.9458689458688,6.737891737891737,58.5,C
38,5.0,686.794809407948,41.02027575020276,205.5,D
39,5.0,848.5534591194969,4.511530398322851,159.0,E
40,5.0,457.64525993883785,4.442660550458716,218.0,F
41,5.0,910.9580573951434,333.3664459161148,226.5,G
42,5.0,1096.1423324150596,6.138659320477501,181.5,H
43,5.0,153.17586206896553,65.13103448275862,145.0,I
44,6.0,62.18970189701897,10.119241192411923,61.5,A
45,6.0,310.77777777777777,10.350877192982455,57.0,B
46,6.0,603.9287749287748,6.737891737891737,58.5,C
47,6.0,697.1735061195104,17.442044636429085,231.5,D
48,6.0,848.5420660276889,4.542066027689031,156.5,E
49,6.0,457.4984709480122,4.469418960244648,218.0,F
50,6.0,923.3863453815261,359.43212851405616,207.5,G
51,6.0,1096.1423324150596,6.138659320477501,181.5,H
52,6.0,158.53053435114504,49.530534351145036,131.0,I
53,7.0,62.05413105413105,10.193732193732192,58.5,A
54,7.0,310.95718654434245,10.452599388379204,54.5,B
55,7.0,603.8154269972451,6.829201101928374,60.5,C
56,7.0,696.4027420736932,12.818337617823477,194.5,D
57,7.0,848.5420660276889,4.542066027689031,156.5,E
58,7.0,458.01717408274783,4.455893832943013,213.5,F
59,7.0,924.6997518610422,371.08767576509507,201.5,G
60,7.0,1096.3259668508288,6.165745856353591,181.0,H
61,7.0,160.10086100861008,35.68265682656826,135.5,I
62,8.0,62.08620689655172,10.224137931034482,58.0,A
63,8.0,311.0214067278287,10.461773700305809,54.5,B
64,8.0,603.8154269972451,6.829201101928374,60.5,C
65,8.0,168.07990012484393,12.408239700374532,133.5,D
66,8.0,848.4751322751322,4.529100529100528,157.5,E
67,8.0,457.69892473118273,4.456221198156682,217.0,F
68,8.0,935.9197379197378,401.10892710892705,203.5,G
69,8.0,1096.3259668508288,6.165745856353591,181.0,H
70,9.0,61.84347826086957,10.121739130434783,57.5,A
71,9.0,310.88588588588584,10.420420420420418,55.5,B
72,9.0,603.8154269972451,6.829201101928374,60.5,C
73,9.0,166.8310185185185,17.401620370370367,144.0,D
74,9.0,848.4240506329114,4.526371308016877,158.0,E
75,9.0,457.86124031007745,4.444186046511628,215.0,F
76,9.0,945.3003766478342,406.9764595103578,177.0,G
77,9.0,1096.3738489871087,6.1464088397790055,181.0,H
78,10.0,61.79338842975206,10.019283746556473,60.5,A
79,10.0,310.91964285714283,10.401785714285714,56.0,B
80,10.0,603.9623188405797,6.689855072463767,57.5,C
81,10.0,167.59333333333333,16.818888888888885,150.0,D
82,10.0,848.6396979503775,4.51564185544768,154.5,E
83,10.0,457.7321016166282,4.438029253271747,216.5,F
84,10.0,942.8417874396134,406.75,138.0,G
85,10.0,1096.3738489871087,6.1464088397790055,181.0,H
86,11.0,61.510144927536224,10.055072463768115,57.5,A
87,11.0,311.1111111111111,10.48253968253968,52.5,B
88,11.0,603.6883468834687,6.872628726287262,61.5,C
89,11.0,169.4421768707483,13.061224489795919,147.0,D
90,11.0,848.5473908413205,4.496272630457934,156.5,E
91,11.0,457.91183294663574,4.450889404485692,215.5,F
92,11.0,962.0117753623188,395.0579710144927,184.0,G
93,11.0,1096.267955801105,6.151933701657459,181.0,H
94,12.0,61.35327635327635,9.994301994301994,58.5,A
95,12.0,311.19093851132686,10.5210355987055,51.5,B
96,12.0,603.6883468834687,6.872628726287262,61.5,C
97,12.0,170.62158956109133,11.475682087781731,140.5,D
98,12.0,848.5473908413205,4.496272630457934,156.5,E
99,12.0,457.91183294663574,4.450889404485692,215.5,F
100,12.0,1096.2605893186003,6.133517495395948,181.0,G
101,13.0,61.13841807909604,10.067796610169491,59.0,A
102,13.0,311.3562091503268,10.549019607843137,51.0,B
103,13.0,603.6883468834687,6.872628726287262,61.5,C
104,13.0,172.4868913857678,9.108614232209737,133.5,D
105,13.0,848.5473908413205,4.496272630457934,156.5,E
106,13.0,457.91183294663574,4.450889404485692,215.5,F
107,13.0,1096.2605893186003,6.133517495395948,181.0,G
108,13.0,975.6282051282051,408.6504273504273,195.0,H
109,14.0,60.915989159891595,10.10840108401084,61.5,A
110,14.0,311.3562091503268,10.549019607843137,51.0,B
111,14.0,603.2773333333332,6.88,62.5,C
112,14.0,173.9589947089947,7.613756613756613,126.0,D
113,14.0,848.599358974359,4.4989316239316235,156.0,E
114,14.0,457.7470997679814,4.462490332559938,215.5,F
115,14.0,1096.1824953445064,6.109869646182495,179.0,G
116,14.0,973.0816522574447,407.8174831892411,173.5,H
117,18.0,175.6417704011065,6.618257261410788,120.5,A
118,18.0,311.784126984127,10.644444444444442,52.5,B
119,18.0,603.460704607046,6.872628726287262,61.5,C
120,18.0,701.451282051282,11.6014652014652,227.5,D
121,18.0,848.5981012658228,4.5474683544303796,158.0,E
122,18.0,457.8175519630485,4.448806774441878,216.5,F
123,18.0,1096.229223744292,6.161643835616438,182.5,G
124,18.0,978.5817757009346,383.4151090342679,214.0,H
125,18.0,61.375,9.941666666666666,60.0,I
126,19.0,176.21161825726142,6.504840940525587,120.5,A
127,19.0,311.784126984127,10.644444444444442,52.5,B
128,19.0,603.460704607046,6.872628726287262,61.5,C
129,19.0,701.6004514672686,11.717080511662903,221.5,D
130,19.0,848.6050955414013,4.54140127388535,157.0,E
131,19.0,457.91183294663574,4.450889404485692,215.5,F
132,19.0,1096.229223744292,6.161643835616438,182.5,G
133,19.0,981.3985815602837,370.49078014184397,117.5,H
134,19.0,61.375,9.925,60.0,I
135,20.0,176.3442176870748,6.508843537414966,122.5,A
136,20.0,311.87227414330215,10.63239875389408,53.5,B
137,20.0,603.460704607046,6.872628726287262,61.5,C
138,20.0,701.8122065727699,11.81924882629108,213.0,D
139,20.0,848.5213675213674,4.544871794871795,156.0,E
140,20.0,457.91183294663574,4.450889404485692,215.5,F
141,20.0,1096.229223744292,6.161643835616438,182.5,G
142,20.0,978.0336617405582,361.31773399014776,203.0,H
143,20.0,61.28531073446327,9.940677966101696,59.0,I
144,21.0,176.75862068965517,6.510057471264368,116.0,A
145,21.0,311.87227414330215,10.63239875389408,53.5,B
146,21.0,603.460704607046,6.872628726287262,61.5,C
147,21.0,702.1212121212121,11.972972972972974,203.5,D
148,21.0,848.5827956989247,4.53763440860215,155.0,E
149,21.0,458.006216006216,4.457653457653458,214.5,F
150,21.0,1096.229223744292,6.161643835616438,182.5,G
151,21.0,979.1554591467823,336.05061460592907,230.5,H
152,21.0,61.19827586206897,9.939655172413794,58.0,I
153,22.0,176.9727011494253,6.405172413793103,116.0,A
154,22.0,311.98214285714283,10.607142857142858,56.0,B
155,22.0,603.0997375328084,6.879265091863517,63.5,C
156,22.0,701.9671717171717,12.029461279461279,198.0,D
157,22.0,848.5827956989247,4.53763440860215,155.0,E
158,22.0,458.006216006216,4.457653457653458,214.5,F
159,22.0,1096.13134057971,6.182971014492753,184.0,G
160,22.0,971.4196642685852,316.50519584332534,208.5,H
161,22.0,61.13774104683195,10.019283746556473,60.5,I
162,23.0,177.44250363901017,6.5400291120815135,114.5,A
163,23.0,312.00925925925924,10.50925925925926,54.0,B
164,23.0,603.460704607046,6.872628726287262,61.5,C
165,23.0,701.5616319444443,12.045138888888888,192.0,D
166,23.0,848.4587251828631,4.379310344827586,159.5,E
167,23.0,458.006216006216,4.457653457653458,214.5,F
168,23.0,1096.13134057971,6.182971014492753,184.0,G
169,23.0,980.9939862542955,309.7113402061856,194.0,H
170,23.0,61.1271186440678,10.101694915254237,59.0,I
171,24.0,177.50294985250736,6.550147492625368,113.0,A
172,24.0,311.9750778816199,10.529595015576323,53.5,B
173,24.0,603.460704607046,6.872628726287262,61.5,C
174,24.0,701.5506493506493,12.169696969696968,192.5,D
175,24.0,848.624203821656,4.320594479830148,157.0,E
176,24.0,457.91183294663574,4.450889404485692,215.5,F
177,24.0,1096.047358834244,6.178506375227686,183.0,G
178,24.0,975.5576470588235,287.41960784313727,212.5,H
179,24.0,61.060606060606055,10.022038567493112,60.5,I
180,25.0,177.63768115942028,6.588405797101449,115.0,A
181,25.0,312.00925925925924,10.50925925925926,54.0,B
182,25.0,603.460704607046,6.872628726287262,61.5,C
183,25.0,701.3360433604336,12.225835591689249,184.5,D
184,25.0,848.4587251828631,4.379310344827586,159.5,E
185,25.0,458.006216006216,4.457653457653458,214.5,F
186,25.0,1096.13134057971,6.182971014492753,184.0,G
187,25.0,972.4320675105484,265.9814345991561,197.5,H
188,25.0,61.10724637681159,10.162318840579708,57.5,I
189,26.0,177.95741556534506,6.559471365638767,113.5,A
190,26.0,312.1841269841269,10.625396825396823,52.5,B
191,26.0,603.6420765027322,6.833333333333333,61.0,C
192,26.0,701.2340619307832,12.314207650273223,183.0,D
193,26.0,848.3879957127544,4.55198285101822,155.5,E
194,26.0,457.5491990846682,4.450038138825324,218.5,F
195,26.0,1096.0993676603432,6.1924119241192415,184.5,G
196,26.0,971.4013921113689,256.23433874709974,215.5,H
197,26.0,60.80508474576271,10.05367231638418,59.0,I
198,27.0,177.90101892285296,6.5196506550218345,114.5,A
199,27.0,312.3333333333333,10.566343042071196,51.5,B
200,27.0,603.8715846994535,6.836065573770492,61.0,C
201,27.0,701.0949720670391,12.38268156424581,179.0,D
202,27.0,848.4032258064516,4.56236559139785,155.0,E
203,27.0,457.61149425287357,4.439846743295019,217.5,F
204,27.0,1095.9682971014493,6.177536231884057,184.0,G
205,27.0,979.4801156905278,229.0809833694866,230.5,H
206,27.0,60.80508474576271,10.05367231638418,59.0,I
207,28.0,177.85858585858583,6.476190476190476,115.5,A
208,28.0,312.3333333333333,10.566343042071196,51.5,B
209,28.0,603.8815426997245,6.8319559228650135,60.5,C
210,28.0,700.625850340136,12.374149659863944,171.5,D
211,28.0,848.2060988433227,4.616193480546793,158.5,E
212,28.0,457.7865429234339,4.432327919566898,215.5,F
213,28.0,1095.9682971014493,6.177536231884057,184.0,G
214,28.0,978.4686468646864,209.013201320132,202.0,H
215,28.0,60.80508474576271,10.05367231638418,59.0,I
216,29.0,177.85858585858583,6.476190476190476,115.5,A
217,29.0,312.45283018867923,10.556603773584905,53.0,B
218,29.0,603.8091397849462,6.830645161290323,62.0,C
219,29.0,700.8074712643678,12.418582375478925,174.0,D
220,29.0,848.2060988433227,4.616193480546793,158.5,E
221,29.0,457.61149425287357,4.439846743295019,217.5,F
222,29.0,1095.9682971014493,6.177536231884057,184.0,G
223,29.0,970.8651399491094,197.74045801526717,196.5,H
224,29.0,60.80508474576271,10.05367231638418,59.0,I
225,30.0,177.85858585858583,6.476190476190476,115.5,A
226,30.0,312.7023809523809,10.669642857142858,56.0,B
227,30.0,603.0075187969925,6.959899749373434,66.5,C
228,30.0,700.919339164237,12.43731778425656,171.5,D
229,30.0,848.2060988433227,4.616193480546793,158.5,E
230,30.0,457.5354691075515,4.427154843630816,218.5,F
231,30.0,1096.0522522522522,6.1819819819819815,185.0,G
232,30.0,976.7792302106027,167.31590413943354,229.5,H
233,30.0,60.84426229508197,9.937158469945354,61.0,I
234,31.0,177.78318584070797,6.541297935103245,113.0,A
235,31.0,312.6333333333333,10.590909090909092,55.0,B
236,31.0,603.3587786259542,6.926208651399491,65.5,C
237,31.0,700.8954056695992,12.473118279569892,170.5,D
238,31.0,848.2845275181724,4.56386292834891,160.5,E
239,31.0,457.5354691075515,4.427154843630816,218.5,F
240,31.0,1095.8657534246574,6.160730593607306,182.5,G
241,31.0,978.5223529411765,153.55215686274508,212.5,H
242,31.0,60.84426229508197,9.937158469945354,61.0,I
243,32.0,177.88500727802037,6.554585152838428,114.5,A
244,32.0,312.6333333333333,10.590909090909092,55.0,B
245,32.0,603.3643410852713,6.868217054263566,64.5,C
246,32.0,700.938596491228,12.493177387914228,171.0,D
247,32.0,848.4797008547007,4.539529914529914,156.0,E
248,32.0,457.5354691075515,4.427154843630816,218.5,F
249,32.0,1095.8657534246574,6.160730593607306,182.5,G
250,32.0,972.9626239511822,131.16018306636155,218.5,H
251,32.0,60.84426229508197,9.937158469945354,61.0,I
252,33.0,177.95778748180493,6.620087336244541,114.5,A
253,33.0,312.751572327044,10.5,53.0,B
254,33.0,603.496062992126,6.826771653543307,63.5,C
255,33.0,700.5296523517383,12.576687116564417,163.0,D
256,33.0,848.2057613168723,4.454732510288066,162.0,E
257,33.0,457.5354691075515,4.427154843630816,218.5,F
258,33.0,1095.8633425669436,6.156971375807941,180.5,G
259,33.0,974.9278350515464,107.26804123711341,194.0,H
260,33.0,60.84426229508197,9.937158469945354,61.0,I
261,34.0,178.12160228898423,6.660944206008583,116.5,A
262,34.0,312.8171091445427,10.513274336283185,56.5,B
263,34.0,603.4391534391534,6.7751322751322745,63.0,C
264,34.0,700.5433231396534,12.628950050968397,163.5,D
265,34.0,848.1697722567286,4.431677018633541,161.0,E
266,34.0,457.46436781609196,4.440613026819923,217.5,F
267,34.0,1095.9357208448116,6.169880624426079,181.5,G
268,34.0,974.3460925039872,92.96172248803828,209.0,H
269,34.0,60.84426229508197,9.937158469945354,61.0,I
270,35.0,178.0159420289855,6.620289855072463,115.0,A
271,35.0,312.9056603773585,10.468553459119496,53.0,B
272,35.0,603.7123655913978,6.846774193548387,62.0,C
273,35.0,700.1430073606729,12.628811777076761,158.5,D
274,35.0,848.204498977505,4.393660531697341,163.0,E
275,35.0,457.7331786542923,4.439288476411446,215.5,F
276,35.0,1095.8633425669436,6.156971375807941,180.5,G
277,35.0,976.4149659863945,73.29591836734694,196.0,H
278,35.0,60.84426229508197,9.937158469945354,61.0,I
279,36.0,178.0159420289855,6.620289855072463,115.0,A
280,36.0,313.0342679127726,10.479750778816198,53.5,B
281,36.0,603.7284946236558,6.833333333333333,62.0,C
282,36.0,700.0234291799786,12.643237486687966,156.5,D
283,36.0,848.1520833333332,4.448958333333333,160.0,E
284,36.0,457.7331786542923,4.439288476411446,215.5,F
285,36.0,1095.8633425669436,6.156971375807941,180.5,G
286,36.0,977.210110584518,49.1650868878357,211.0,H
287,36.0,60.84426229508197,9.937158469945354,61.0,I
288,37.0,178.0159420289855,6.620289855072463,115.0,A
289,37.0,313.210355987055,10.498381877022654,51.5,B
290,37.0,604.0854700854701,6.689458689458689,58.5,C
291,37.0,699.9041394335512,12.732026143790849,153.0,D
292,37.0,848.4668803418803,4.494658119658119,156.0,E
293,37.0,457.7331786542923,4.439288476411446,215.5,F
294,37.0,1095.8633425669436,6.156971375807941,180.5,G
295,37.0,972.897509578544,39.0507662835249,174.0,H
296,37.0,60.84426229508197,9.937158469945354,61.0,I
297,38.0,177.95467836257308,6.630116959064327,114.0,A
298,38.0,313.3333333333333,10.566343042071196,51.5,B
299,38.0,603.9027777777777,6.758333333333334,60.0,C
300,38.0,699.7909967845659,12.692390139335476,155.5,D
301,38.0,848.3322368421053,4.5646929824561395,152.0,E
302,38.0,457.7331786542923,4.439288476411446,215.5,F
303,38.0,1095.8169398907103,6.163934426229508,183.0,G
304,38.0,977.3760683760682,12.65982905982906,195.0,H
305,38.0,60.84426229508197,9.937158469945354,61.0,I
306,42.0,178.4530303030303,6.716666666666666,110.0,A
307,42.0,313.52884615384613,10.673076923076923,52.0,B
308,42.0,604.0367231638418,6.765536723163841,59.0,C
309,42.0,699.6613924050633,12.818565400843882,158.0,D
310,42.0,848.5010822510822,4.557359307359307,154.0,E
311,42.0,457.6821705426356,4.432558139534883,215.0,F
312,42.0,1095.9357208448116,6.169880624426079,181.5,G
313,42.0,979.2466422466422,16.777777777777775,136.5,H
314,42.0,60.84426229508197,9.937158469945354,61.0,I
315,54.0,178.59145299145297,6.834188034188033,97.5,A
316,54.0,314.18122977346275,10.644012944983817,51.5,B
317,54.0,603.824,6.866666666666666,62.5,C
318,54.0,698.4923547400612,12.953109072375126,163.5,D
319,54.0,848.3091482649842,4.668769716088328,158.5,E
320,54.0,457.6105919003115,4.446261682242991,214.0,F
321,54.0,1095.8559556786704,6.159741458910434,180.5,G
322,54.0,964.5417925478348,9.183282980866062,165.5,H
323,54.0,60.775956284153,10.081967213114755,61.0,I
324,62.0,178.82851637764932,6.383429672447013,86.5,A
325,62.0,314.3430420711974,10.498381877022654,51.5,B
326,62.0,604.0380116959063,6.687134502923976,57.0,C
327,62.0,697.7210884353741,12.979591836734693,171.5,D
328,62.0,848.0886850152905,4.581039755351682,163.5,E
329,62.0,457.97857142857146,4.445238095238095,210.0,F
330,62.0,1095.7883008356546,6.1355617455896,179.5,G
331,62.0,60.84153005464481,10.098360655737705,61.0,H
332,63.0,178.9250493096647,6.392504930966469,84.5,A
333,63.0,314.3430420711974,10.498381877022654,51.5,B
334,63.0,604.0380116959063,6.687134502923976,57.0,C
335,63.0,697.8216374269006,12.912280701754385,171.0,D
336,63.0,848.0886850152905,4.581039755351682,163.5,E
337,63.0,457.7764797507788,4.434579439252336,214.0,F
338,63.0,1095.743947858473,6.1405959031657344,179.0,G
339,63.0,60.913279132791324,10.062330623306233,61.5,H
340,64.0,178.9250493096647,6.392504930966469,84.5,A
341,64.0,314.3430420711974,10.498381877022654,51.5,B
342,64.0,604.0380116959063,6.687134502923976,57.0,C
343,64.0,697.9329501915709,12.922413793103448,174.0,D
344,64.0,848.0886850152905,4.581039755351682,163.5,E
345,64.0,457.68914728682165,4.421705426356589,215.0,F
346,64.0,1095.743947858473,6.1405959031657344,179.0,G
347,64.0,60.878787878787875,10.12121212121212,60.5,H
348,65.0,178.8929292929293,6.3090909090909095,82.5,A
349,65.0,314.3430420711974,10.498381877022654,51.5,B
350,65.0,604.0380116959063,6.687134502923976,57.0,C
351,65.0,697.9595375722544,12.898843930635838,173.0,D
352,65.0,848.0634441087614,4.549848942598187,165.5,E
353,65.0,457.7764797507788,4.434579439252336,214.0,F
354,65.0,1095.743947858473,6.1405959031657344,179.0,G
355,65.0,61.01960784313725,9.988795518207281,59.5,H
356,66.0,178.89775051124744,6.337423312883436,81.5,A
357,66.0,314.4126984126984,10.536507936507936,52.5,B
358,66.0,604.0854700854701,6.62108262108262,58.5,C
359,66.0,697.9310009718173,12.902818270165207,171.5,D
360,66.0,848.1411411411411,4.4174174174174174,166.5,E
361,66.0,457.9268867924528,4.444968553459119,212.0,F
362,66.0,1095.743947858473,6.1405959031657344,179.0,G
363,66.0,60.62534435261708,9.991735537190083,60.5,H
364,67.0,179.1219512195122,6.376016260162601,82.0,A
365,67.0,314.48039215686276,10.617647058823529,51.0,B
366,67.0,603.9011299435028,6.762711864406779,59.0,C
367,67.0,697.7215909090909,12.934659090909092,176.0,D
368,67.0,848.1411411411411,4.4174174174174174,166.5,E
369,67.0,457.7204049844236,4.433800623052959,214.0,F
370,67.0,1095.743947858473,6.1405959031657344,179.0,G
371,67.0,60.78688524590164,10.076502732240437,61.0,H
372,68.0,179.0506329113924,6.170886075949367,79.0,A
373,68.0,314.48039215686276,10.617647058823529,51.0,B
374,68.0,603.9011299435028,6.762711864406779,59.0,C
375,68.0,697.4720670391062,12.941340782122905,179.0,D
376,68.0,848.2149253731343,4.432835820895522,167.5,E
377,68.0,457.72299382716045,4.452932098765432,216.0,F
378,68.0,1095.743947858473,6.1405959031657344,179.0,G
379,68.0,60.78688524590164,10.076502732240437,61.0,H
380,70.0,179.2159329140461,6.283018867924528,79.5,A
381,70.0,314.5705128205128,10.410256410256409,52.0,B
382,70.0,604.0367231638418,6.765536723163841,59.0,C
383,70.0,697.4720670391062,12.941340782122905,179.0,D
384,70.0,848.2149253731343,4.432835820895522,167.5,E
385,70.0,457.8712643678161,4.4735632183908045,217.5,F
386,70.0,1095.743947858473,6.1405959031657344,179.0,G
387,70.0,60.78688524590164,10.076502732240437,61.0,H
388,71.0,179.25324675324674,6.283549783549783,77.0,A
389,71.0,314.6666666666667,10.437908496732025,51.0,B
390,71.0,603.9011299435028,6.762711864406779,59.0,C
391,71.0,697.435393258427,12.92134831460674,178.0,D
392,71.0,848.5705329153604,4.536050156739812,159.5,E
393,71.0,457.77367205542726,4.459584295612009,216.5,F
394,71.0,1095.743947858473,6.1405959031657344,179.0,G
395,71.0,60.71148459383753,10.008403361344538,59.5,H
396,72.0,179.30519480519482,6.413419913419913,77.0,A
397,72.0,314.62459546925567,10.449838187702264,51.5,B
398,72.0,603.9011299435028,6.762711864406779,59.0,C
399,72.0,697.4159624413145,12.937089201877933,177.5,D
400,72.0,848.6877637130801,4.550632911392405,158.0,E
401,72.0,457.77367205542726,4.459584295612009,216.5,F
402,72.0,1095.743947858473,6.1405959031657344,179.0,G
403,72.0,60.71148459383753,10.008403361344538,59.5,H
404,73.0,179.37214611872145,6.41324200913242,73.0,A
405,73.0,314.62459546925567,10.449838187702264,51.5,B
406,73.0,603.9011299435028,6.762711864406779,59.0,C
407,73.0,683.8183908045977,11.518007662835249,217.5,D
408,73.0,848.7558386411889,4.544585987261146,157.0,E
409,73.0,457.6890951276102,4.450116009280743,215.5,F
410,73.0,1095.743947858473,6.1405959031657344,179.0,G
411,73.0,60.723646723646716,9.948717948717949,58.5,H
412,74.0,179.3706140350877,6.4714912280701755,76.0,A
413,74.0,314.52830188679246,10.515723270440251,53.0,B
414,74.0,603.8527777777778,6.808333333333334,60.0,C
415,74.0,684.6869806094182,10.079409048938134,180.5,D
416,74.0,848.8938906752412,4.561629153269024,155.5,E
417,74.0,457.78983833718246,4.448036951501154,216.5,F
418,74.0,1095.8607242339833,6.1402042711234905,179.5,G
419,74.0,60.608333333333334,10.030555555555555,60.0,H
420,75.0,179.3706140350877,6.4714912280701755,76.0,A
421,75.0,314.5769230769231,10.458333333333332,52.0,B
422,75.0,603.8527777777778,6.808333333333334,60.0,C
423,75.0,668.1741293532339,8.223051409618574,201.0,D
424,75.0,848.9255663430421,4.542610571736785,154.5,E
425,75.0,457.78983833718246,4.448036951501154,216.5,F
426,75.0,1095.8607242339833,6.1402042711234905,179.5,G
427,75.0,60.58474576271186,9.957627118644067,59.0,H
428,76.0,179.39177489177487,6.406926406926407,77.0,A
429,76.0,314.5769230769231,10.458333333333332,52.0,B
430,76.0,603.8527777777778,6.808333333333334,60.0,C
431,76.0,60.41129032258065,10.018817204301074,62.0,D
432,76.0,848.9255663430421,4.542610571736785,154.5,E
433,76.0,457.78983833718246,4.448036951501154,216.5,F
434,76.0,1095.8607242339833,6.1402042711234905,179.5,G
435,77.0,179.39177489177487,6.406926406926407,77.0,A
436,77.0,314.6470588235294,10.41830065359477,51.0,B
437,77.0,603.8527777777778,6.808333333333334,60.0,C
438,77.0,60.47382920110193,9.972451790633608,60.5,D
439,77.0,848.9255663430421,4.542610571736785,154.5,E
440,77.0,457.78983833718246,4.448036951501154,216.5,F
441,77.0,1095.8607242339833,6.1402042711234905,179.5,G
442,78.0,179.39177489177487,6.406926406926407,77.0,A
443,78.0,314.6470588235294,10.41830065359477,51.0,B
444,78.0,603.8527777777778,6.808333333333334,60.0,C
445,78.0,60.392953929539296,9.989159891598915,61.5,D
446,78.0,848.8617363344051,4.541264737406216,155.5,E
447,78.0,457.78983833718246,4.448036951501154,216.5,F
448,78.0,1095.8607242339833,6.1402042711234905,179.5,G
449,78.0,661.8333333333333,9.962233169129721,203.0,H
450,79.0,179.4022222222222,6.417777777777777,75.0,A
451,79.0,314.6470588235294,10.41830065359477,51.0,B
452,79.0,603.8123249299719,6.801120448179271,59.5,C
453,79.0,60.392953929539296,9.989159891598915,61.5,D
454,79.0,848.9664502164502,4.510822510822511,154.0,E
455,79.0,457.78983833718246,4.448036951501154,216.5,F
456,79.0,1095.743947858473,6.1405959031657344,179.0,G
457,79.0,659.9962228517469,9.963172804532578,176.5,H
458,80.0,179.5228310502283,6.429223744292237,73.0,A
459,80.0,314.6470588235294,10.41830065359477,51.0,B
460,80.0,603.8123249299719,6.801120448179271,59.5,C
461,80.0,60.392953929539296,9.989159891598915,61.5,D
462,80.0,848.8602150537633,4.5075268817204295,155.0,E
463,80.0,457.78983833718246,4.448036951501154,216.5,F
464,80.0,1095.743947858473,6.1405959031657344,179.0,G
465,80.0,659.0355029585799,9.976331360946746,169.0,H
466,81.0,179.57657657657657,6.40990990990991,74.0,A
467,81.0,314.6470588235294,10.41830065359477,51.0,B
468,81.0,603.6144927536232,6.863768115942029,57.5,C
469,81.0,60.392953929539296,9.989159891598915,61.5,D
470,81.0,849.1245901639344,4.5147540983606556,152.5,E
471,81.0,457.78983833718246,4.448036951501154,216.5,F
472,81.0,1095.743947858473,6.1405959031657344,179.0,G
473,81.0,657.1588447653429,9.513838748495788,138.5,H
474,82.0,179.6887417218543,6.339955849889624,75.5,A
475,82.0,314.5769230769231,10.458333333333332,52.0,B
476,82.0,603.9971509971509,6.7578347578347575,58.5,C
477,82.0,60.392953929539296,9.989159891598915,61.5,D
478,82.0,848.8060021436225,4.5005359056806,155.5,E
479,82.0,457.78983833718246,4.448036951501154,216.5,F
480,82.0,1096.0164383561644,6.1744292237442915,182.5,G
481,82.0,657.1348600508906,9.624681933842238,131.0,H
482,83.0,179.78958333333333,6.416666666666666,80.0,A
483,83.0,314.6181229773463,10.478964401294498,51.5,B
484,83.0,603.7150997150997,6.814814814814814,58.5,C
485,83.0,60.47382920110193,9.972451790633608,60.5,D
486,83.0,848.944262295082,4.4841530054644805,152.5,E
487,83.0,457.89348659003826,4.459770114942529,217.5,F
488,83.0,1095.9972602739726,6.155251141552511,182.5,G
489,83.0,656.4629629629629,9.625661375661375,126.0,H
490,86.0,180.07361963190183,6.392638036809816,81.5,A
491,86.0,314.73462783171516,10.576051779935275,51.5,B
492,86.0,603.540682414698,6.971128608923884,63.5,C
493,86.0,60.475806451612904,10.115591397849462,62.0,D
494,86.0,849.1132897603486,4.533769063180828,153.0,E
495,86.0,457.80742459396754,4.437741686001546,215.5,F
496,86.0,1096.174515235457,6.123730378578023,180.5,G
497,86.0,656.3929146537841,9.924315619967793,103.5,H
498,94.0,197.78825995807128,8.475890985324947,79.5,A
499,94.0,315.34313725490193,10.382352941176471,51.0,B
500,94.0,603.022038567493,7.074380165289257,60.5,C
501,94.0,60.57575757575757,10.173553719008265,60.5,D
502,94.0,849.1132897603486,4.533769063180828,153.0,E
503,94.0,457.6896551724138,4.462068965517242,217.5,F
504,94.0,1096.1962441314554,6.046009389671361,177.5,G
505,94.0,658.0641711229947,10.39928698752228,93.5,H
506,95.0,207.63020833333331,8.171875,64.0,A
507,95.0,315.297385620915,10.431372549019608,51.0,B
508,95.0,603.022038567493,7.088154269972452,60.5,C
509,95.0,60.44159544159544,10.159544159544158,58.5,D
510,95.0,849.0054112554112,4.523809523809524,154.0,E
511,95.0,457.6896551724138,4.462068965517242,217.5,F
512,95.0,1096.2987861811391,6.078431372549019,178.5,G
513,95.0,658.5235507246376,10.634057971014492,92.0,H
514,588.0,219.74433656957927,7.275080906148866,51.5,A
515,588.0,848.0917159763313,4.503944773175542,169.0,B
516,588.0,602.6666666666666,7.1640625,64.0,C
517,588.0,467.14232209737827,4.687265917602996,178.0,D
518,588.0,967.6024305555555,5.065104166666667,192.0,E
519,588.0,342.515852613539,5.269065981148243,194.5,F
520,588.0,1096.2246982358402,6.171773444753946,179.5,G
521,588.0,653.0466988727858,9.405797101449275,103.5,H
522,588.0,87.61034164358264,363.15327793167125,180.5,I
523,589.0,219.38834951456312,7.3042071197411,51.5,A
524,589.0,848.0833333333333,4.444779116465863,166.0,B
525,589.0,602.6666666666666,7.1640625,64.0,C
526,589.0,467.2121212121212,4.6647727272727275,176.0,D
527,589.0,967.6798941798942,5.052910052910053,189.0,E
528,589.0,342.515852613539,5.269065981148243,194.5,F
529,589.0,1096.2246982358402,6.171773444753946,179.5,G
530,589.0,653.0466988727858,9.405797101449275,103.5,H
531,589.0,81.94519317160825,359.3423180592992,185.5,I
532,593.0,219.96396396396398,7.216216216216216,55.5,A
533,593.0,848.0441767068272,4.385542168674699,166.0,B
534,593.0,602.6666666666666,7.1640625,64.0,C
535,593.0,467.5366088631984,4.632947976878612,173.0,D
536,593.0,967.5956140350877,5.0473684210526315,190.0,E
537,593.0,342.5048118985127,5.3263342082239715,190.5,F
538,593.0,1096.2289935364727,6.190212373037857,180.5,G
539,593.0,653.0466988727858,9.405797101449275,103.5,H
540,593.0,85.23824451410658,341.3970741901776,159.5,I
541,595.0,219.5132743362832,7.162241887905604,56.5,A
542,595.0,847.8983739837397,4.414634146341464,164.0,B
543,595.0,602.6666666666666,7.1640625,64.0,C
544,595.0,467.60806916426515,4.643611911623439,173.5,D
545,595.0,967.4771748492677,5.047372954349698,193.5,E
546,595.0,342.5048118985127,5.3263342082239715,190.5,F
547,595.0,1096.2289935364727,6.190212373037857,180.5,G
548,595.0,653.0466988727858,9.405797101449275,103.5,H
549,595.0,84.63588110403396,341.0997876857749,157.0,I
550,596.0,219.59459459459458,7.138138138138137,55.5,A
551,596.0,848.0083333333332,4.475,160.0,B
552,596.0,602.6666666666666,7.1640625,64.0,C
553,596.0,467.60806916426515,4.643611911623439,173.5,D
554,596.0,967.4771748492677,5.047372954349698,193.5,E
555,596.0,342.4369016536118,5.308964316797215,191.5,F
556,596.0,1096.2289935364727,6.190212373037857,180.5,G
557,596.0,653.0466988727858,9.405797101449275,103.5,H
558,596.0,94.2184265010352,344.7805383022774,161.0,I
559,597.0,219.15384615384616,7.222222222222222,58.5,A
560,597.0,847.8983739837397,4.414634146341464,164.0,B
561,597.0,602.6666666666666,7.1640625,64.0,C
562,597.0,467.60806916426515,4.643611911623439,173.5,D
563,597.0,967.4378238341969,5.038860103626943,193.0,E
564,597.0,342.3341968911917,5.308290155440415,193.0,F
565,597.0,1096.1726354453626,6.208448117539026,181.5,G
566,597.0,653.0466988727858,9.405797101449275,103.5,H
567,597.0,96.99238095238094,342.56857142857143,175.0,I
568,598.0,218.64462809917356,7.338842975206612,60.5,A
569,598.0,848.0351405622489,4.4267068273092365,166.0,B
570,598.0,602.3681592039801,7.17910447761194,67.0,C
571,598.0,467.60806916426515,4.643611911623439,173.5,D
572,598.0,967.4378238341969,5.038860103626943,193.0,E
573,598.0,342.2242114236999,5.298380221653878,195.5,F
574,598.0,1096.087279480037,6.185701021355617,179.5,G
575,598.0,653.0466988727858,9.405797101449275,103.5,H
576,598.0,103.29282407407408,328.30902777777777,144.0,I
577,599.0,219.07874015748033,7.257217847769029,63.5,A
578,599.0,848.0351405622489,4.4267068273092365,166.0,B
579,599.0,602.2892156862745,7.213235294117647,68.0,C
580,599.0,467.60806916426515,4.643611911623439,173.5,D
581,599.0,967.6050347222222,5.063368055555555,192.0,E
582,599.0,341.98346388163617,5.230635335073977,191.5,F
583,599.0,1096.0092336103417,6.169898430286241,180.5,G
584,599.0,653.0894308943089,9.458536585365854,102.5,H
585,599.0,92.19384615384615,303.00410256410254,162.5,I
586,600.0,218.54871794871795,7.174358974358974,65.0,A
587,600.0,848.0351405622489,4.4267068273092365,166.0,B
588,600.0,602.3681592039801,7.17910447761194,67.0,C
589,600.0,467.60806916426515,4.643611911623439,173.5,D
590,600.0,967.6050347222222,5.063368055555555,192.0,E
591,600.0,342.04588744588744,5.216450216450216,192.5,F
592,600.0,1096.0092336103417,6.169898430286241,180.5,G
593,600.0,653.0894308943089,9.458536585365854,102.5,H
594,600.0,95.39759036144578,288.3935742971887,166.0,I
595,601.0,218.73095238095237,7.166666666666666,70.0,A
596,601.0,848.0351405622489,4.4267068273092365,166.0,B
597,601.0,602.3681592039801,7.17910447761194,67.0,C
598,601.0,467.60806916426515,4.643611911623439,173.5,D
599,601.0,967.6050347222222,5.063368055555555,192.0,E
600,601.0,342.04588744588744,5.216450216450216,192.5,F
601,601.0,1096.0817084493965,6.156917363045496,179.5,G
602,601.0,653.0894308943089,9.458536585365854,102.5,H
603,601.0,97.2608225108225,264.20454545454544,154.0,I
604,602.0,218.57142857142858,7.0740740740740735,63.0,A
605,602.0,848.2068273092368,4.423694779116466,166.0,B
606,602.0,602.3634085213032,7.0927318295739346,66.5,C
607,602.0,467.53581661891116,4.654250238777459,174.5,D
608,602.0,967.6465441819772,5.062117235345581,190.5,E
609,602.0,342.06373815676136,5.1937984496124034,193.5,F
610,602.0,1096.1427230046947,6.16244131455399,177.5,G
611,602.0,653.0894308943089,9.458536585365854,102.5,H
612,602.0,101.06970849176172,250.52851711026616,131.5,I
613,603.0,218.51470588235293,7.144607843137255,68.0,A
614,603.0,848.1067864271456,4.409181636726546,167.0,B
615,603.0,602.5124378109452,7.164179104477612,67.0,C
616,603.0,467.53581661891116,4.654250238777459,174.5,D
617,603.0,967.6535087719298,5.028070175438596,190.0,E
618,603.0,342.06373815676136,5.1937984496124034,193.5,F
619,603.0,1095.9962228517468,6.115203021718602,176.5,G
620,603.0,653.0894308943089,9.458536585365854,102.5,H
621,603.0,93.72970085470085,237.21794871794873,156.0,I
622,604.0,218.19718309859155,7.157276995305164,71.0,A
623,604.0,847.8492753623188,4.391304347826087,172.5,B
624,604.0,602.5124378109452,7.164179104477612,67.0,C
625,604.0,467.53581661891116,4.654250238777459,174.5,D
626,604.0,967.7380952380952,5.033509700176366,189.0,E
627,604.0,342.06373815676136,5.1937984496124034,193.5,F
628,604.0,1095.9962228517468,6.115203021718602,176.5,G
629,604.0,653.0894308943089,9.458536585365854,102.5,H
630,604.0,100.54609929078015,220.73758865248226,141.0,I
631,605.0,218.30969267139477,7.156028368794326,70.5,A
632,605.0,847.8492753623188,4.391304347826087,172.5,B
633,605.0,602.5889724310777,7.145363408521303,66.5,C
634,605.0,467.53581661891116,4.654250238777459,174.5,D
635,605.0,967.6535087719298,5.028070175438596,190.0,E
636,605.0,342.06373815676136,5.1937984496124034,193.5,F
637,605.0,1096.0018779342722,6.134272300469483,177.5,G
638,605.0,653.0894308943089,9.458536585365854,102.5,H
639,605.0,99.56021505376343,217.36236559139783,155.0,I
640,606.0,218.15212527964204,7.208053691275167,74.5,A
641,606.0,848.0507462686567,4.462686567164179,167.5,B
642,606.0,602.4705882352941,7.147058823529412,68.0,C
643,606.0,467.53581661891116,4.654250238777459,174.5,D
644,606.0,967.6535087719298,5.028070175438596,190.0,E
645,606.0,342.06373815676136,5.1937984496124034,193.5,F
646,606.0,1096.0018779342722,6.134272300469483,177.5,G
647,606.0,653.0894308943089,9.458536585365854,102.5,H
648,606.0,96.96678121420389,213.31615120274915,145.5,I
649,607.0,218.24943310657594,7.206349206349206,73.5,A
650,607.0,847.9446064139942,4.405247813411079,171.5,B
651,607.0,602.4705882352941,7.147058823529412,68.0,C
652,607.0,467.53581661891116,4.654250238777459,174.5,D
653,607.0,967.44329004329,5.01038961038961,192.5,E
654,607.0,342.1649572649572,5.180341880341881,195.0,F
655,607.0,1096.0817084493965,6.156917363045496,179.5,G
656,607.0,653.0894308943089,9.458536585365854,102.5,H
657,607.0,95.97682119205298,209.82891832229578,151.0,I
658,608.0,218.24943310657594,7.206349206349206,73.5,A
659,608.0,847.925702811245,4.468875502008031,166.0,B
660,608.0,602.4705882352941,7.147058823529412,68.0,C
661,608.0,467.53581661891116,4.654250238777459,174.5,D
662,608.0,967.3608957795003,5.015503875968992,193.5,E
663,608.0,342.1649572649572,5.180341880341881,195.0,F
664,608.0,1096.014939309057,6.143790849673202,178.5,G
665,608.0,653.0894308943089,9.458536585365854,102.5,H
666,608.0,95.47826086956522,208.6911928651059,149.5,I
667,609.0,218.23582766439907,7.206349206349206,73.5,A
668,609.0,847.8492753623188,4.391304347826087,172.5,B
669,609.0,602.4705882352941,7.147058823529412,68.0,C
670,609.0,467.53581661891116,4.654250238777459,174.5,D
671,609.0,967.6535087719298,5.028070175438596,190.0,E
672,609.0,342.1649572649572,5.180341880341881,195.0,F
673,609.0,1096.014939309057,6.143790849673202,178.5,G
674,609.0,653.0894308943089,9.458536585365854,102.5,H
675,609.0,87.33333333333333,202.09931506849315,146.0,I
676,610.0,217.9381898454746,7.20971302428256,75.5,A
677,610.0,847.9446064139942,4.405247813411079,171.5,B
678,610.0,602.4179104477612,7.111940298507463,67.0,C
679,610.0,467.4409221902017,4.6609029779058595,173.5,D
680,610.0,967.3608957795003,5.015503875968992,193.5,E
681,610.0,342.1649572649572,5.180341880341881,195.0,F
682,610.0,1095.9962228517468,6.143531633616619,176.5,G
683,610.0,653.0894308943089,9.458536585365854,102.5,H
684,610.0,83.37945492662473,187.05974842767296,159.0,I
685,611.0,218.23582766439907,7.206349206349206,73.5,A
686,611.0,847.8583569405099,4.410764872521247,176.5,B
687,611.0,602.1388888888888,7.196969696969697,66.0,C
688,611.0,467.5130434782609,4.65024154589372,172.5,D
689,611.0,967.456048738033,4.993037423846823,191.5,E
690,611.0,342.1649572649572,5.180341880341881,195.0,F
691,611.0,1095.9962228517468,6.143531633616619,176.5,G
692,611.0,653.0894308943089,9.458536585365854,102.5,H
693,611.0,81.46899224806201,178.96705426356587,172.0,I
694,612.0,218.23582766439907,7.206349206349206,73.5,A
695,612.0,847.8583569405099,4.390934844192635,176.5,B
696,612.0,602.0564102564102,7.184615384615385,65.0,C
697,612.0,467.61224489795916,4.654033041788144,171.5,D
698,612.0,967.4982547993019,5.0,191.0,E
699,612.0,342.1649572649572,5.180341880341881,195.0,F
700,612.0,1095.9962228517468,6.143531633616619,176.5,G
701,612.0,653.0894308943089,9.458536585365854,102.5,H
702,612.0,71.2243074173369,159.64879356568363,186.5,I
703,613.0,218.23582766439907,7.206349206349206,73.5,A
704,613.0,847.8583569405099,4.390934844192635,176.5,B
705,613.0,602.0564102564102,7.184615384615385,65.0,C
706,613.0,467.80563654033034,4.648202137998056,171.5,D
707,613.0,967.6675485008818,5.01058201058201,189.0,E
708,613.0,342.1649572649572,5.180341880341881,195.0,F
709,613.0,1095.9962228517468,6.143531633616619,176.5,G
710,613.0,653.0894308943089,9.458536585365854,102.5,H
711,613.0,72.99904489016237,138.41356255969436,174.5,I
712,614.0,217.92592592592592,7.296296296296296,76.5,A
713,614.0,847.8274509803921,4.349019607843137,170.0,B
714,614.0,602.1354166666666,7.1484375,64.0,C
715,614.0,467.6423712342079,4.637512147716229,171.5,D
716,614.0,967.7526595744681,5.01595744680851,188.0,E
717,614.0,342.1649572649572,5.180341880341881,195.0,F
718,614.0,1095.9962228517468,6.143531633616619,176.5,G
719,614.0,653.0894308943089,9.458536585365854,102.5,H
720,614.0,68.328611898017,126.04627006610008,176.5,I
721,615.0,218.15212527964204,7.208053691275167,74.5,A
722,615.0,847.6647509578544,4.381226053639846,174.0,B
723,615.0,602.1354166666666,7.1484375,64.0,C
724,615.0,467.8191593352883,4.611925708699902,170.5,D
725,615.0,967.7526595744681,5.01595744680851,188.0,E
726,615.0,342.1649572649572,5.180341880341881,195.0,F
727,615.0,1095.9962228517468,6.143531633616619,176.5,G
728,615.0,653.0894308943089,9.458536585365854,102.5,H
729,615.0,75.19625246548323,115.2120315581854,169.0,I
730,616.0,218.33563218390802,7.202298850574712,72.5,A
731,616.0,847.6647509578544,4.381226053639846,174.0,B
732,616.0,602.1354166666666,7.1484375,64.0,C
733,616.0,467.8396871945258,4.603128054740957,170.5,D
734,616.0,967.6675485008818,5.01058201058201,189.0,E
735,616.0,342.1649572649572,5.180341880341881,195.0,F
736,616.0,1096.0702754036085,6.130104463437796,175.5,G
737,616.0,653.0894308943089,9.458536585365854,102.5,H
738,616.0,80.77708333333332,111.365625,160.0,I
739,617.0,218.33563218390802,7.202298850574712,72.5,A
740,617.0,847.6647509578544,4.381226053639846,174.0,B
741,617.0,602.0564102564102,7.184615384615385,65.0,C
742,617.0,467.8396871945258,4.603128054740957,170.5,D
743,617.0,967.37316017316,4.998268398268398,192.5,E
744,617.0,342.1649572649572,5.180341880341881,195.0,F
745,617.0,1095.9962228517468,6.143531633616619,176.5,G
746,617.0,653.0894308943089,9.458536585365854,102.5,H
747,617.0,80.9817483189241,90.99903938520653,173.5,I
748,618.0,218.5523114355231,7.260340632603406,68.5,A
749,618.0,847.6647509578544,4.381226053639846,174.0,B
750,618.0,602.0547263681592,7.256218905472636,67.0,C
751,618.0,467.75898931000967,4.5850340136054415,171.5,D
752,618.0,967.6251105216621,5.003536693191865,188.5,E
753,618.0,342.1649572649572,5.180341880341881,195.0,F
754,618.0,1096.0018779342722,6.16244131455399,177.5,G
755,618.0,653.0894308943089,9.458536585365854,102.5,H
756,618.0,81.79102956167175,85.04485219164117,163.5,I
757,619.0,218.74580335731414,7.22062350119904,69.5,A
758,619.0,847.7863247863248,4.3760683760683765,175.5,B
759,619.0,602.0547263681592,7.256218905472636,67.0,C
760,619.0,467.75898931000967,4.5850340136054415,171.5,D
761,619.0,967.6675485008818,5.01058201058201,189.0,E
762,619.0,342.1200345423143,5.145941278065631,193.0,F
763,619.0,1095.9230046948355,6.128638497652582,177.5,G
764,619.0,653.0894308943089,9.458536585365854,102.5,H
765,619.0,82.45014245014245,82.51756885090218,175.5,I
766,620.0,218.08505747126435,7.252873563218389,72.5,A
767,620.0,847.7863247863248,4.3760683760683765,175.5,B
768,620.0,602.0547263681592,7.256218905472636,67.0,C
769,620.0,467.75898931000967,4.5850340136054415,171.5,D
770,620.0,967.6675485008818,5.01058201058201,189.0,E
771,620.0,342.1200345423143,5.145941278065631,193.0,F
772,620.0,1095.9962228517468,6.143531633616619,176.5,G
773,620.0,653.0894308943089,9.458536585365854,102.5,H
774,620.0,93.23928944618599,79.70637408568443,159.5,I
775,621.0,218.08505747126435,7.252873563218389,72.5,A
776,621.0,847.7863247863248,4.3760683760683765,175.5,B
777,621.0,602.0547263681592,7.256218905472636,67.0,C
778,621.0,467.75898931000967,4.5850340136054415,171.5,D
779,621.0,967.7996500437445,5.027996500437445,190.5,E
780,621.0,342.08051948051946,5.135064935064935,192.5,F
781,621.0,1095.9230046948355,6.128638497652582,177.5,G
782,621.0,653.0894308943089,9.458536585365854,102.5,H
783,621.0,91.04287245444802,69.90032154340837,155.5,I
784,622.0,217.75,7.292792792792793,74.0,A
785,622.0,847.8862973760932,4.431486880466473,171.5,B
786,622.0,602.0547263681592,7.256218905472636,67.0,C
787,622.0,467.75898931000967,4.5850340136054415,171.5,D
788,622.0,967.8029513888888,5.048611111111111,192.0,E
789,622.0,342.08051948051946,5.135064935064935,192.5,F
790,622.0,1095.9230046948355,6.128638497652582,177.5,G
791,622.0,653.0894308943089,9.458536585365854,102.5,H
792,622.0,91.47179487179487,61.98871794871795,162.5,I
793,623.0,217.75,7.292792792792793,74.0,A
794,623.0,847.8862973760932,4.431486880466473,171.5,B
795,623.0,602.2804232804233,7.208994708994708,63.0,C
796,623.0,467.75898931000967,4.5850340136054415,171.5,D
797,623.0,967.8029513888888,5.048611111111111,192.0,E
798,623.0,342.08051948051946,5.135064935064935,192.5,F
799,623.0,1095.861811391223,6.146591970121381,178.5,G
800,623.0,653.0894308943089,9.458536585365854,102.5,H
801,623.0,97.24321389793701,54.95114006514658,153.5,I
802,624.0,217.75,7.292792792792793,74.0,A
803,624.0,847.8862973760932,4.431486880466473,171.5,B
804,624.0,602.2804232804233,7.208994708994708,63.0,C
805,624.0,467.75898931000967,4.5850340136054415,171.5,D
806,624.0,967.8029513888888,5.048611111111111,192.0,E
807,624.0,342.08051948051946,5.135064935064935,192.5,F
808,624.0,1095.861811391223,6.146591970121381,178.5,G
809,624.0,653.0894308943089,9.458536585365854,102.5,H
810,624.0,95.74972677595628,54.70273224043716,152.5,I
811,625.0,217.75,7.292792792792793,74.0,A
812,625.0,847.8862973760932,4.431486880466473,171.5,B
813,625.0,602.2804232804233,7.208994708994708,63.0,C
814,625.0,467.81256038647336,4.567149758454105,172.5,D
815,625.0,967.8029513888888,5.048611111111111,192.0,E
816,625.0,342.08051948051946,5.135064935064935,192.5,F
817,625.0,1095.861811391223,6.146591970121381,178.5,G
818,625.0,653.0894308943089,9.458536585365854,102.5,H
819,625.0,91.38856589147287,54.37596899224806,172.0,I
820,626.0,218.14864864864865,7.283783783783784,74.0,A
821,626.0,847.8205128205128,4.430966469428007,169.0,B
822,626.0,602.1979166666666,7.213541666666666,64.0,C
823,626.0,467.72301814708686,4.549188156638013,174.5,D
824,626.0,967.7832469775475,5.065630397236615,193.0,E
825,626.0,342.08051948051946,5.135064935064935,192.5,F
826,626.0,1096.0690943043883,6.175536881419234,178.5,G
827,626.0,653.0894308943089,9.458536585365854,102.5,H
828,626.0,88.2396449704142,53.63412228796844,169.0,I
829,627.0,218.2607709750567,7.267573696145124,73.5,A
830,627.0,847.8072763028514,4.427728613569322,169.5,B
831,627.0,602.1041666666666,7.2109375,64.0,C
832,627.0,467.71817298347906,4.573372206025267,171.5,D
833,627.0,967.7832469775475,5.065630397236615,193.0,E
834,627.0,342.08051948051946,5.135064935064935,192.5,F
835,627.0,1095.9290382819793,6.147525676937441,178.5,G
836,627.0,653.0894308943089,9.458536585365854,102.5,H
837,627.0,87.0975845410628,53.60676328502415,172.5,I
838,628.0,217.626582278481,7.301687763713079,79.0,A
839,628.0,847.8072763028514,4.427728613569322,169.5,B
840,628.0,602.4777777777778,7.041666666666667,60.0,C
841,628.0,467.71817298347906,4.573372206025267,171.5,D
842,628.0,967.7832469775475,5.065630397236615,193.0,E
843,628.0,342.08051948051946,5.135064935064935,192.5,F
844,628.0,1096.0018779342722,6.16244131455399,177.5,G
845,628.0,653.0894308943089,9.458536585365854,102.5,H
846,628.0,85.94535519125684,52.888888888888886,183.0,I
847,629.0,217.626582278481,7.301687763713079,79.0,A
848,629.0,847.8072763028514,4.427728613569322,169.5,B
849,629.0,602.252688172043,7.120967741935484,62.0,C
850,629.0,467.663734115347,4.591397849462365,170.5,D
851,629.0,967.7832469775475,5.065630397236615,193.0,E
852,629.0,342.08051948051946,5.135064935064935,192.5,F
853,629.0,1096.0528800755428,6.115203021718602,176.5,G
854,629.0,653.0894308943089,9.458536585365854,102.5,H
855,629.0,85.04351610095735,52.422976501305484,191.5,I
856,630.0,217.67676767676767,7.284848484848485,82.5,A
857,630.0,847.7649950835792,4.451327433628318,169.5,B
858,630.0,602.2645502645503,7.174603174603175,63.0,C
859,630.0,467.663734115347,4.591397849462365,170.5,D
860,630.0,967.7832469775475,5.065630397236615,193.0,E
861,630.0,342.08051948051946,5.135064935064935,192.5,F
862,630.0,1096.0528800755428,6.115203021718602,176.5,G
863,630.0,653.0894308943089,9.458536585365854,102.5,H
864,630.0,84.38581952117863,52.39594843462246,181.0,I
865,631.0,217.67676767676767,7.284848484848485,82.5,A
866,631.0,847.7256038647342,4.378743961352656,172.5,B
867,631.0,602.2645502645503,7.174603174603175,63.0,C
868,631.0,467.663734115347,4.591397849462365,170.5,D
869,631.0,967.7832469775475,5.065630397236615,193.0,E
870,631.0,342.08051948051946,5.135064935064935,192.5,F
871,631.0,1096.0018779342722,6.16244131455399,177.5,G
872,631.0,653.0894308943089,9.458536585365854,102.5,H
873,631.0,83.89099099099099,51.94504504504504,185.0,I
874,632.0,217.67676767676767,7.284848484848485,82.5,A
875,632.0,847.7256038647342,4.378743961352656,172.5,B
876,632.0,602.2645502645503,7.174603174603175,63.0,C
877,632.0,467.663734115347,4.591397849462365,170.5,D
878,632.0,967.7832469775475,5.065630397236615,193.0,E
879,632.0,342.08051948051946,5.135064935064935,192.5,F
880,632.0,1096.0018779342722,6.16244131455399,177.5,G
881,632.0,653.0894308943089,9.458536585365854,102.5,H
882,632.0,82.55710306406685,52.21448467966574,179.5,I
883,633.0,217.67676767676767,7.284848484848485,82.5,A
884,633.0,847.7732558139535,4.367248062015504,172.0,B
885,633.0,602.2645502645503,7.174603174603175,63.0,C
886,633.0,467.663734115347,4.591397849462365,170.5,D
887,633.0,967.7832469775475,5.065630397236615,193.0,E
888,633.0,342.08051948051946,5.135064935064935,192.5,F
889,633.0,1096.0018779342722,6.16244131455399,177.5,G
890,633.0,653.0894308943089,9.458536585365854,102.5,H
891,633.0,81.75813544415128,52.13544415127528,189.5,I
892,634.0,217.67676767676767,7.284848484848485,82.5,A
893,634.0,847.7256038647342,4.378743961352656,172.5,B
894,634.0,602.3494623655913,7.137096774193548,62.0,C
895,634.0,467.71817298347906,4.573372206025267,171.5,D
896,634.0,967.7832469775475,5.065630397236615,193.0,E
897,634.0,342.08051948051946,5.135064935064935,192.5,F
898,634.0,1096.0018779342722,6.16244131455399,177.5,G
899,634.0,653.0894308943089,9.458536585365854,102.5,H
900,634.0,80.59907407407407,52.2537037037037,180.0,I
901,635.0,217.30357142857142,7.349206349206348,84.0,A
902,635.0,847.7256038647342,4.378743961352656,172.5,B
903,635.0,602.2645502645503,7.174603174603175,63.0,C
904,635.0,467.71817298347906,4.573372206025267,171.5,D
905,635.0,967.7832469775475,5.065630397236615,193.0,E
906,635.0,341.9848484848485,5.094474153297683,187.0,F
907,635.0,1095.9962228517468,6.143531633616619,176.5,G
908,635.0,653.0423011844331,9.617597292724195,98.5,H
909,635.0,80.20582877959927,52.15300546448088,183.0,I
910,636.0,217.58536585365854,7.302845528455284,82.0,A
911,636.0,847.7256038647342,4.378743961352656,172.5,B
912,636.0,602.2645502645503,7.174603174603175,63.0,C
913,636.0,467.71817298347906,4.573372206025267,171.5,D
914,636.0,967.7832469775475,5.065630397236615,193.0,E
915,636.0,341.842151675485,5.088183421516755,189.0,F
916,636.0,1095.9962228517468,6.143531633616619,176.5,G
917,636.0,653.0423011844331,9.617597292724195,98.5,H
918,636.0,79.72759856630823,52.274193548387096,186.0,I
919,637.0,217.6262626262626,7.313131313131312,82.5,A
920,637.0,847.7256038647342,4.378743961352656,172.5,B
921,637.0,602.2645502645503,7.174603174603175,63.0,C
922,637.0,467.71817298347906,4.573372206025267,171.5,D
923,637.0,967.934188034188,5.1,195.0,E
924,637.0,341.76702508960574,5.068100358422939,186.0,F
925,637.0,1095.9962228517468,6.143531633616619,176.5,G
926,637.0,653.0423011844331,9.617597292724195,98.5,H
927,637.0,68.82774674115456,41.87523277467411,179.0,I
928,638.0,217.10317460317458,7.299603174603174,84.0,A
929,638.0,847.8073852295408,4.483033932135728,167.0,B
930,638.0,602.2613333333333,7.154666666666666,62.5,C
931,638.0,467.71817298347906,4.573372206025267,171.5,D
932,638.0,967.7832469775475,5.065630397236615,193.0,E
933,638.0,341.69607843137254,5.073083778966132,187.0,F
934,638.0,1096.1427230046947,6.16244131455399,177.5,G
935,638.0,652.9983249581239,9.561139028475711,99.5,H
936,638.0,65.18939393939394,39.79829545454545,176.0,I
937,639.0,216.3926380368098,7.253578732106339,81.5,A
938,639.0,847.3573407202216,4.325946445060018,180.5,B
939,639.0,602.2613333333333,7.154666666666666,62.5,C
940,639.0,467.71817298347906,4.573372206025267,171.5,D
941,639.0,967.8804537521814,5.035776614310645,191.0,E
942,639.0,341.69607843137254,5.073083778966132,187.0,F
943,639.0,1096.063849765258,6.156807511737089,177.5,G
944,639.0,653.0757575757576,9.616161616161616,99.0,H
945,639.0,66.85222222222221,34.898888888888884,150.0,I
946,640.0,216.3926380368098,7.253578732106339,81.5,A
947,640.0,847.3573407202216,4.325946445060018,180.5,B
948,640.0,602.2613333333333,7.154666666666666,62.5,C
949,640.0,467.71817298347906,4.573372206025267,171.5,D
950,640.0,967.8804537521814,5.035776614310645,191.0,E
951,640.0,341.842151675485,5.088183421516755,189.0,F
952,640.0,1096.137865911237,6.143531633616619,176.5,G
953,640.0,653.0816326530612,9.673469387755102,98.0,H
954,640.0,72.82456140350877,27.57407407407407,171.0,I
955,641.0,216.58052434456926,7.382022471910112,89.0,A
956,641.0,847.4521819870009,4.288765088207985,179.5,B
957,641.0,602.2613333333333,7.154666666666666,62.5,C
958,641.0,467.71817298347906,4.573372206025267,171.5,D
959,641.0,967.6982097186701,4.907928388746803,195.5,E
960,641.0,341.9140350877193,5.087719298245614,190.0,F
961,641.0,1096.063849765258,6.156807511737089,177.5,G
962,641.0,653.1008547008546,9.705982905982905,97.5,H
963,641.0,70.74802259887005,14.392090395480224,147.5,I
964,642.0,216.9490196078431,7.292156862745097,85.0,A
965,642.0,847.8598598598599,4.464464464464464,166.5,B
966,642.0,602.2613333333333,7.154666666666666,62.5,C
967,642.0,467.71817298347906,4.573372206025267,171.5,D
968,642.0,967.7482817869416,4.946735395189004,194.0,E
969,642.0,341.99040139616056,5.102966841186737,191.0,F
970,642.0,1095.9906629318393,6.141923436041083,178.5,G
971,642.0,653.0947546531303,9.648054145516074,98.5,H
972,642.0,78.1604938271605,8.612345679012344,135.0,I
973,643.0,216.9490196078431,7.292156862745097,85.0,A
974,643.0,847.7562189054726,4.491542288557214,167.5,B
975,643.0,602.2613333333333,7.154666666666666,62.5,C
976,643.0,467.71817298347906,4.573372206025267,171.5,D
977,643.0,967.8289930555555,4.983506944444444,192.0,E
978,643.0,341.858024691358,5.061728395061728,189.0,F
979,643.0,1095.9906629318393,6.141923436041083,178.5,G
980,643.0,653.0947546531303,9.648054145516074,98.5,H
981,643.0,80.5997425997426,7.397683397683398,129.5,I
982,644.0,216.9490196078431,7.292156862745097,85.0,A
983,644.0,847.6528189910979,4.530168150346191,168.5,B
984,644.0,602.2613333333333,7.154666666666666,62.5,C
985,644.0,467.71817298347906,4.573372206025267,171.5,D
986,644.0,967.9219298245614,5.018421052631579,190.0,E
987,644.0,341.858024691358,5.061728395061728,189.0,F
988,644.0,1096.063849765258,6.128638497652582,177.5,G
989,644.0,653.0947546531303,9.648054145516074,98.5,H
990,644.0,82.308908045977,6.652298850574712,116.0,I
991,645.0,217.1050724637681,7.384057971014492,92.0,A
992,645.0,847.7562189054726,4.491542288557214,167.5,B
993,645.0,602.2613333333333,7.154666666666666,62.5,C
994,645.0,467.71817298347906,4.573372206025267,171.5,D
995,645.0,967.9219298245614,5.018421052631579,190.0,E
996,645.0,341.858024691358,5.061728395061728,189.0,F
997,645.0,1096.063849765258,6.128638497652582,177.5,G
998,645.0,653.0947546531303,9.648054145516074,98.5,H
999,645.0,84.00641025641025,6.421794871794871,130.0,I
1000,646.0,216.9490196078431,7.292156862745097,85.0,A
1001,646.0,847.7562189054726,4.491542288557214,167.5,B
1002,646.0,602.2613333333333,7.154666666666666,62.5,C
1003,646.0,467.71817298347906,4.573372206025267,171.5,D
1004,646.0,968.000872600349,5.035776614310645,191.0,E
1005,646.0,341.8956140350877,5.079824561403509,190.0,F
1006,646.0,1096.063849765258,6.128638497652582,177.5,G
1007,646.0,653.1633663366337,9.57095709570957,101.0,H
1008,646.0,84.68532338308457,6.404228855721393,134.0,I
1009,647.0,217.05072463768113,7.367753623188405,92.0,A
1010,647.0,847.5491803278688,4.325136612021858,183.0,B
1011,647.0,602.2645502645503,7.174603174603175,63.0,C
1012,647.0,467.71817298347906,4.573372206025267,171.5,D
1013,647.0,968.000872600349,5.035776614310645,191.0,E
1014,647.0,341.858024691358,5.061728395061728,189.0,F
1015,647.0,1095.9962228517468,6.115203021718602,176.5,G
1016,647.0,653.1691792294807,9.651591289782244,99.5,H
1017,647.0,85.04593639575971,6.269729093050648,141.5,I
1018,648.0,217.01981981981982,7.396396396396396,92.5,A
1019,648.0,847.5491803278688,4.325136612021858,183.0,B
1020,648.0,602.2645502645503,7.174603174603175,63.0,C
1021,648.0,467.88280499519686,4.601344860710855,173.5,D
1022,648.0,968.1116883116883,5.064935064935065,192.5,E
1023,648.0,341.89357959542656,5.073878627968337,189.5,F
1024,648.0,1095.9962228517468,6.115203021718602,176.5,G
1025,648.0,653.15,9.62,100.0,H
1026,648.0,85.0532879818594,6.299319727891157,147.0,I
1027,649.0,216.6559714795009,7.365418894830659,93.5,A
1028,649.0,847.4556159420289,4.361413043478261,184.0,B
1029,649.0,602.2645502645503,7.174603174603175,63.0,C
1030,649.0,467.88280499519686,4.601344860710855,173.5,D
1031,649.0,967.9219298245614,5.018421052631579,190.0,E
1032,649.0,341.99040139616056,5.102966841186737,191.0,F
1033,649.0,1095.9230046948355,6.128638497652582,177.5,G
1034,649.0,653.15,9.62,100.0,H
1035,649.0,85.0200668896321,6.346711259754738,149.5,I
1036,650.0,217.17890772128058,7.365348399246703,88.5,A
1037,650.0,847.5307262569833,4.456238361266294,179.0,B
1038,650.0,602.1354166666666,7.1484375,64.0,C
1039,650.0,467.90745986779973,4.616619452313503,176.5,D
1040,650.0,968.1116883116883,5.064935064935065,192.5,E
1041,650.0,341.89205526770286,5.139032815198618,193.0,F
1042,650.0,1096.0018779342722,6.134272300469483,177.5,G
1043,650.0,653.1188118811881,9.55115511551155,101.0,H
1044,650.0,84.92117117117117,6.405405405405405,148.0,I
1045,651.0,217.1025641025641,7.370808678500985,84.5,A
1046,651.0,847.6749769159741,4.304709141274238,180.5,B
1047,651.0,602.1354166666666,7.1484375,64.0,C
1048,651.0,467.9006685768863,4.617956064947468,174.5,D
1049,651.0,968.1116883116883,5.064935064935065,192.5,E
1050,651.0,341.91323024054975,5.156357388316151,194.0,F
1051,651.0,1095.9290382819793,6.147525676937441,178.5,G
1052,651.0,653.1188118811881,9.55115511551155,101.0,H
1053,651.0,84.8138528138528,6.545454545454546,154.0,I
1054,652.0,216.8323586744639,7.442495126705652,85.5,A
1055,652.0,847.6749769159741,4.304709141274238,180.5,B
1056,652.0,602.1354166666666,7.1484375,64.0,C
1057,652.0,467.9006685768863,4.617956064947468,174.5,D
1058,652.0,968.1116883116883,5.064935064935065,192.5,E
1059,652.0,341.91323024054975,5.156357388316151,194.0,F
1060,652.0,1095.9290382819793,6.147525676937441,178.5,G
1061,652.0,653.1188118811881,9.55115511551155,101.0,H
1062,652.0,84.60557341907824,6.603429796355841,155.5,I
1063,653.0,216.8323586744639,7.442495126705652,85.5,A
1064,653.0,847.7132216014897,4.283985102420856,179.0,B
1065,653.0,602.1354166666666,7.1484375,64.0,C
1066,653.0,467.9006685768863,4.617956064947468,174.5,D
1067,653.0,968.1116883116883,5.064935064935065,192.5,E
1068,653.0,341.7821180555555,5.116319444444444,192.0,F
1069,653.0,1095.9290382819793,6.147525676937441,178.5,G
1070,653.0,653.1188118811881,9.55115511551155,101.0,H
1071,653.0,84.55157437567861,6.621064060803474,153.5,I
1072,654.0,216.52247191011236,7.496254681647939,89.0,A
1073,654.0,847.7551789077212,4.253295668549906,177.0,B
1074,654.0,602.1354166666666,7.1484375,64.0,C
1075,654.0,467.9006685768863,4.617956064947468,174.5,D
1076,654.0,968.1545768566493,5.073402417962003,193.0,E
1077,654.0,341.7821180555555,5.116319444444444,192.0,F
1078,654.0,1095.9962859795728,6.160631383472609,179.5,G
1079,654.0,653.1188118811881,9.55115511551155,101.0,H
1080,654.0,84.42099567099567,6.653679653679653,154.0,I
1081,655.0,216.52247191011236,7.496254681647939,89.0,A
1082,655.0,847.7551789077212,4.253295668549906,177.0,B
1083,655.0,602.1041666666666,7.2109375,64.0,C
1084,655.0,467.9006685768863,4.617956064947468,174.5,D
1085,655.0,968.1272727272727,5.063203463203463,192.5,E
1086,655.0,341.7821180555555,5.116319444444444,192.0,F
1087,655.0,1096.0295475530932,6.162511542012926,180.5,G
1088,655.0,653.1188118811881,9.55115511551155,101.0,H
1089,655.0,84.27457264957265,6.664529914529914,156.0,I
1090,656.0,216.52247191011236,7.496254681647939,89.0,A
1091,656.0,847.7551789077212,4.253295668549906,177.0,B
1092,656.0,602.1041666666666,7.2109375,64.0,C
1093,656.0,467.9006685768863,4.617956064947468,174.5,D
1094,656.0,968.1272727272727,5.063203463203463,192.5,E
1095,656.0,341.7821180555555,5.116319444444444,192.0,F
1096,656.0,1096.0955004591367,6.175390266299357,181.5,G
1097,656.0,653.1188118811881,9.55115511551155,101.0,H
1098,656.0,84.03715170278637,6.698658410732714,161.5,I
1099,657.0,216.36111111111111,7.4870370370370365,90.0,A
1100,657.0,847.7551789077212,4.253295668549906,177.0,B
1101,657.0,601.9794871794871,7.184615384615385,65.0,C
1102,657.0,467.9006685768863,4.617956064947468,174.5,D
1103,657.0,968.1272727272727,5.063203463203463,192.5,E
1104,657.0,341.7821180555555,5.116319444444444,192.0,F
1105,657.0,1096.0955004591367,6.175390266299357,181.5,G
1106,657.0,653.1188118811881,9.55115511551155,101.0,H
1107,657.0,83.75700934579439,6.6967808930425745,160.5,I
1108,658.0,217.1063063063063,7.513513513513513,92.5,A
1109,658.0,847.6827651515151,4.237689393939394,176.0,B
1110,658.0,602.1041666666666,7.2109375,64.0,C
1111,658.0,467.9006685768863,4.617956064947468,174.5,D
1112,658.0,968.1272727272727,5.063203463203463,192.5,E
1113,658.0,341.817316017316,5.128138528138528,192.5,F
1114,658.0,1096.1789954337899,6.168949771689498,182.5,G
1115,658.0,653.1188118811881,9.55115511551155,101.0,H
1116,658.0,83.50720164609054,6.776748971193415,162.0,I
1117,659.0,216.65348399246702,7.489642184557438,88.5,A
1118,659.0,847.6094961240309,4.215116279069767,172.0,B
1119,659.0,602.0026455026455,7.261904761904762,63.0,C
1120,659.0,467.9006685768863,4.617956064947468,174.5,D
1121,659.0,968.1238095238094,5.0709956709956705,192.5,E
1122,659.0,341.817316017316,5.128138528138528,192.5,F
1123,659.0,1096.1789954337899,6.168949771689498,182.5,G
1124,659.0,653.1188118811881,9.55115511551155,101.0,H
1125,659.0,83.3528806584362,6.83230452674897,162.0,I
1126,660.0,217.18996415770607,7.496415770609318,93.0,A
1127,660.0,847.3190476190475,4.32,175.0,B
1128,660.0,602.0026455026455,7.261904761904762,63.0,C
1129,660.0,467.9006685768863,4.617956064947468,174.5,D
1130,660.0,968.1238095238094,5.0709956709956705,192.5,E
1131,660.0,341.817316017316,5.128138528138528,192.5,F
1132,660.0,1096.0955004591367,6.175390266299357,181.5,G
1133,660.0,653.1188118811881,9.55115511551155,101.0,H
1134,660.0,83.3143143143143,6.882882882882883,166.5,I
1135,661.0,216.8754385964912,7.503508771929824,95.0,A
1136,661.0,847.3190476190475,4.32,175.0,B
1137,661.0,601.9573333333333,7.293333333333333,62.5,C
1138,661.0,467.9006685768863,4.617956064947468,174.5,D
1139,661.0,968.1238095238094,5.0709956709956705,192.5,E
1140,661.0,341.817316017316,5.128138528138528,192.5,F
1141,661.0,1096.0955004591367,6.175390266299357,181.5,G
1142,661.0,653.1188118811881,9.55115511551155,101.0,H
1143,661.0,83.12640163098878,6.908256880733945,163.5,I
1144,662.0,217.2416225749559,7.472663139329805,94.5,A
1145,662.0,847.2234848484848,4.346590909090909,176.0,B
1146,662.0,602.1410256410256,7.269230769230769,65.0,C
1147,662.0,467.9006685768863,4.617956064947468,174.5,D
1148,662.0,968.0842013888888,5.059895833333333,192.0,E
1149,662.0,341.817316017316,5.128138528138528,192.5,F
1150,662.0,1096.2246982358402,6.171773444753946,179.5,G
1151,662.0,653.1188118811881,9.55115511551155,101.0,H
1152,662.0,83.14602215508559,6.9899295065458205,165.5,I
1153,663.0,217.00891265597147,7.474153297682709,93.5,A
1154,663.0,847.2234848484848,4.346590909090909,176.0,B
1155,663.0,601.848,7.418666666666666,62.5,C
1156,663.0,467.9006685768863,4.617956064947468,174.5,D
1157,663.0,968.1238095238094,5.0709956709956705,192.5,E
1158,663.0,341.89357959542656,5.073878627968337,189.5,F
1159,663.0,1096.2246982358402,6.171773444753946,179.5,G
1160,663.0,653.06,9.561666666666666,100.0,H
1161,663.0,82.89389389389389,6.945945945945946,166.5,I
1162,664.0,217.14954954954953,7.482882882882882,92.5,A
1163,664.0,847.2234848484848,4.346590909090909,176.0,B
1164,664.0,601.848,7.418666666666666,62.5,C
1165,664.0,467.9006685768863,4.617956064947468,174.5,D
1166,664.0,968.1238095238094,5.0709956709956705,192.5,E
1167,664.0,341.8578947368421,5.078070175438596,190.0,F
1168,664.0,1096.2246982358402,6.171773444753946,179.5,G
1169,664.0,653.06,9.561666666666666,100.0,H
1170,664.0,82.87512588116817,6.948640483383686,165.5,I
1171,665.0,217.14954954954953,7.482882882882882,92.5,A
1172,665.0,847.2234848484848,4.346590909090909,176.0,B
1173,665.0,601.848,7.418666666666666,62.5,C
1174,665.0,467.9006685768863,4.617956064947468,174.5,D
1175,665.0,968.1238095238094,5.0709956709956705,192.5,E
1176,665.0,341.8578947368421,5.078070175438596,190.0,F
1177,665.0,1096.2246982358402,6.171773444753946,179.5,G
1178,665.0,653.06,9.561666666666666,100.0,H
1179,665.0,82.87512588116817,6.948640483383686,165.5,I
1180,666.0,216.32,7.4816666666666665,100.0,A
1181,666.0,847.2234848484848,4.346590909090909,176.0,B
1182,666.0,601.88,7.354666666666666,62.5,C
1183,666.0,467.9006685768863,4.617956064947468,174.5,D
1184,666.0,968.1272727272727,5.063203463203463,192.5,E
1185,666.0,341.8578947368421,5.078070175438596,190.0,F
1186,666.0,1096.0690943043883,6.175536881419234,178.5,G
1187,666.0,653.06,9.561666666666666,100.0,H
1188,666.0,82.78670634920634,6.92361111111111,168.0,I
1189,667.0,216.32,7.4816666666666665,100.0,A
1190,667.0,847.3190476190475,4.32,175.0,B
1191,667.0,601.88,7.354666666666666,62.5,C
1192,667.0,467.9006685768863,4.617956064947468,174.5,D
1193,667.0,968.1666666666666,5.07426597582038,193.0,E
1194,667.0,341.8578947368421,5.078070175438596,190.0,F
1195,667.0,1096.063849765258,6.156807511737089,177.5,G
1196,667.0,653.06,9.561666666666666,100.0,H
1197,667.0,82.71057884231537,6.911177644710578,167.0,I
1198,668.0,216.2970297029703,7.471947194719472,101.0,A
1199,668.0,847.3190476190475,4.32,175.0,B
1200,668.0,601.8818897637796,7.404199475065616,63.5,C
1201,668.0,467.9006685768863,4.617956064947468,174.5,D
1202,668.0,968.0413436692506,5.0525409130060295,193.5,E
1203,668.0,341.8578947368421,5.078070175438596,190.0,F
1204,668.0,1096.063849765258,6.156807511737089,177.5,G
1205,668.0,653.06,9.561666666666666,100.0,H
1206,668.0,82.67248062015504,6.864341085271317,172.0,I
1207,669.0,216.14705882352942,7.462418300653594,102.0,A
1208,669.0,847.3190476190475,4.32,175.0,B
1209,669.0,601.88,7.354666666666666,62.5,C
1210,669.0,467.9006685768863,4.617956064947468,174.5,D
1211,669.0,968.0413436692506,5.0525409130060295,193.5,E
1212,669.0,341.8578947368421,5.078070175438596,190.0,F
1213,669.0,1096.1899335232667,6.1244064577397905,175.5,G
1214,669.0,653.06,9.561666666666666,100.0,H
1215,669.0,82.6044061302682,6.851532567049808,174.0,I
1216,670.0,216.16412859560066,7.468697123519458,98.5,A
1217,670.0,847.3190476190475,4.32,175.0,B
1218,670.0,601.7441860465116,7.423772609819121,64.5,C
1219,670.0,467.9006685768863,4.617956064947468,174.5,D
1220,670.0,967.7786195286195,5.090909090909091,198.0,E
1221,670.0,341.7823834196891,5.132124352331606,193.0,F
1222,670.0,1096.1899335232667,6.1244064577397905,175.5,G
1223,670.0,653.06,9.561666666666666,100.0,H
1224,670.0,82.47070124879923,6.849183477425552,173.5,I
1225,671.0,216.25293132328306,7.448911222780569,99.5,A
1226,671.0,847.6094961240309,4.215116279069767,172.0,B
1227,671.0,601.5116279069767,7.516795865633075,64.5,C
1228,671.0,467.9006685768863,4.617956064947468,174.5,D
1229,671.0,967.8888888888888,5.0843776106934,199.5,E
1230,671.0,341.7823834196891,5.132124352331606,193.0,F
1231,671.0,1096.2246982358402,6.171773444753946,179.5,G
1232,671.0,653.039603960396,9.49174917491749,101.0,H
1233,671.0,82.53468208092485,6.798651252408477,173.0,I
1234,672.0,216.16412859560066,7.468697123519458,98.5,A
1235,672.0,847.6094961240309,4.215116279069767,172.0,B
1236,672.0,601.430894308943,7.590785907859078,61.5,C
1237,672.0,467.9006685768863,4.617956064947468,174.5,D
1238,672.0,967.8888888888888,5.0843776106934,199.5,E
1239,672.0,341.68209083119103,5.1062553556126815,194.5,F
1240,672.0,1096.35117370892,6.139906103286385,177.5,G
1241,672.0,653.039603960396,9.49174917491749,101.0,H
1242,672.0,82.53468208092485,6.798651252408477,173.0,I
1243,673.0,216.16412859560066,7.468697123519458,98.5,A
1244,673.0,847.6094961240309,4.215116279069767,172.0,B
1245,673.0,601.1344537815127,7.686274509803921,59.5,C
1246,673.0,467.9006685768863,4.617956064947468,174.5,D
1247,673.0,967.8888888888888,5.0843776106934,199.5,E
1248,673.0,341.68209083119103,5.1062553556126815,194.5,F
1249,673.0,1096.35117370892,6.139906103286385,177.5,G
1250,673.0,652.9967320261437,9.437908496732026,102.0,H
1251,673.0,82.47687861271676,6.864161849710983,173.0,I
1252,674.0,216.1122278056951,7.489112227805695,99.5,A
1253,674.0,847.6094961240309,4.215116279069767,172.0,B
1254,674.0,601.0854700854701,7.603988603988603,58.5,C
1255,674.0,467.9006685768863,4.617956064947468,174.5,D
1256,674.0,967.8888888888888,5.0843776106934,199.5,E
1257,674.0,341.68209083119103,5.1062553556126815,194.5,F
1258,674.0,1096.2987861811391,6.158730158730158,178.5,G
1259,674.0,653.0751633986927,9.49673202614379,102.0,H
1260,674.0,82.09280303030302,6.877840909090909,176.0,I
1261,675.0,216.1122278056951,7.489112227805695,99.5,A
1262,675.0,847.6094961240309,4.215116279069767,172.0,B
1263,675.0,600.9619883040934,7.692982456140351,57.0,C
1264,675.0,467.9006685768863,4.617956064947468,174.5,D
1265,675.0,967.7446988973705,5.030534351145038,196.5,E
1266,675.0,341.68209083119103,5.1062553556126815,194.5,F
1267,675.0,1096.2246982358402,6.171773444753946,179.5,G
1268,675.0,653.0751633986927,9.49673202614379,102.0,H
1269,675.0,82.16854990583803,6.906779661016949,177.0,I
1270,676.0,216.1919191919192,7.4781144781144775,99.0,A
1271,676.0,847.4679849340865,4.2740112994350286,177.0,B
1272,676.0,600.9619883040934,7.692982456140351,57.0,C
1273,676.0,467.9006685768863,4.617956064947468,174.5,D
1274,676.0,967.7927241962774,5.039763113367174,197.0,E
1275,676.0,341.68209083119103,5.1062553556126815,194.5,F
1276,676.0,1096.2246982358402,6.171773444753946,179.5,G
1277,676.0,653.0751633986927,9.49673202614379,102.0,H
1278,676.0,82.2296918767507,6.80859010270775,178.5,I
1279,677.0,216.1919191919192,7.4781144781144775,99.0,A
1280,677.0,847.4679849340865,4.2740112994350286,177.0,B
1281,677.0,600.8801169590643,7.7368421052631575,57.0,C
1282,677.0,467.9006685768863,4.617956064947468,174.5,D
1283,677.0,967.7927241962774,5.039763113367174,197.0,E
1284,677.0,341.68209083119103,5.1062553556126815,194.5,F
1285,677.0,1096.2246982358402,6.171773444753946,179.5,G
1286,677.0,653.0751633986927,9.49673202614379,102.0,H
1287,677.0,82.2296918767507,6.80859010270775,178.5,I
1288,678.0,216.06,7.515,100.0,A
1289,678.0,847.3175487465181,4.327762302692665,179.5,B
1290,678.0,600.7614942528735,7.75287356321839,58.0,C
1291,678.0,467.9006685768863,4.617956064947468,174.5,D
1292,678.0,967.8079526226734,5.039763113367174,197.0,E
1293,678.0,341.7780612244898,5.134353741496598,196.0,F
1294,678.0,1096.2246982358402,6.171773444753946,179.5,G
1295,678.0,653.0751633986927,9.49673202614379,102.0,H
1296,678.0,82.29588014981273,6.810861423220973,178.0,I
1297,679.0,215.93,7.495,100.0,A
1298,679.0,847.4679849340865,4.2740112994350286,177.0,B
1299,679.0,600.6638418079095,7.799435028248587,59.0,C
1300,679.0,467.9006685768863,4.617956064947468,174.5,D
1301,679.0,967.8324829931972,5.0229591836734695,196.0,E
1302,679.0,341.7780612244898,5.134353741496598,196.0,F
1303,679.0,1096.2246982358402,6.171773444753946,179.5,G
1304,679.0,653.115511551155,9.448844884488448,101.0,H
1305,679.0,82.34084507042253,6.796244131455398,177.5,I
1306,680.0,215.93,7.495,100.0,A
1307,680.0,847.4679849340865,4.2740112994350286,177.0,B
1308,680.0,600.6408045977012,7.75287356321839,58.0,C
1309,680.0,467.9006685768863,4.617956064947468,174.5,D
1310,680.0,967.8324829931972,5.0229591836734695,196.0,E
1311,680.0,341.7780612244898,5.134353741496598,196.0,F
1312,680.0,1096.2246982358402,6.171773444753946,179.5,G
1313,680.0,653.115511551155,9.448844884488448,101.0,H
1314,680.0,82.29971988795518,6.822595704948646,178.5,I
1315,681.0,215.8910891089109,7.514851485148514,101.0,A
1316,681.0,847.4679849340865,4.2740112994350286,177.0,B
1317,681.0,600.6638418079095,7.799435028248587,59.0,C
1318,681.0,467.9006685768863,4.617956064947468,174.5,D
1319,681.0,967.8746803069054,5.029838022165388,195.5,E
1320,681.0,341.7780612244898,5.134353741496598,196.0,F
1321,681.0,1096.2246982358402,6.171773444753946,179.5,G
1322,681.0,653.115511551155,9.448844884488448,101.0,H
1323,681.0,82.29971988795518,6.822595704948646,178.5,I
1324,682.0,215.96,7.515,100.0,A
1325,682.0,847.4178403755868,4.289201877934272,177.5,B
1326,682.0,600.7407407407406,7.78062678062678,58.5,C
1327,682.0,467.9006685768863,4.617956064947468,174.5,D
1328,682.0,967.901861252115,5.057529610829103,197.0,E
1329,682.0,341.7780612244898,5.134353741496598,196.0,F
1330,682.0,1096.2246982358402,6.171773444753946,179.5,G
1331,682.0,653.16,9.503333333333332,100.0,H
1332,682.0,82.22346368715084,6.82216014897579,179.0,I
1333,683.0,215.90569105691057,7.534959349593495,102.5,A
1334,683.0,847.4679849340865,4.2740112994350286,177.0,B
1335,683.0,600.3797101449275,7.915942028985507,57.5,C
1336,683.0,468.08115942028985,4.628019323671497,172.5,D
1337,683.0,967.8600508905853,5.046649703138253,196.5,E
1338,683.0,341.7047619047619,5.106493506493506,192.5,F
1339,683.0,1096.2246982358402,6.171773444753946,179.5,G
1340,683.0,653.0918367346939,9.554421768707483,98.0,H
1341,683.0,81.85823754789271,6.771072796934865,174.0,I
1342,684.0,215.7788617886179,7.5528455284552845,102.5,A
1343,684.0,847.8333333333333,4.381656804733728,169.0,B
1344,684.0,600.1951951951951,8.012012012012011,55.5,C
1345,684.0,468.08115942028985,4.628019323671497,172.5,D
1346,684.0,967.8600508905853,5.046649703138253,196.5,E
1347,684.0,341.6409597257926,5.1422450728363325,194.5,F
1348,684.0,1096.1843575418995,6.179702048417131,179.0,G
1349,684.0,653.0505050505051,9.602693602693602,99.0,H
1350,684.0,81.79310344827586,6.837164750957854,174.0,I
1351,685.0,215.87648054145515,7.549915397631134,98.5,A
1352,685.0,847.8912175648701,4.410179640718563,167.0,B
1353,685.0,600.2721712538226,8.021406727828746,54.5,C
1354,685.0,468.15743440233234,4.64625850340136,171.5,D
1355,685.0,967.8600508905853,5.046649703138253,196.5,E
1356,685.0,341.6409597257926,5.1422450728363325,194.5,F
1357,685.0,1096.1843575418995,6.179702048417131,179.0,G
1358,685.0,653.0816326530612,9.673469387755102,98.0,H
1359,685.0,81.60410557184751,6.835777126099707,170.5,I
1360,686.0,215.31443298969072,7.608247422680412,97.0,A
1361,686.0,847.7517517517517,4.513513513513513,166.5,B
1362,686.0,600.123123123123,8.03003003003003,55.5,C
1363,686.0,467.9185823754789,4.658045977011494,174.0,D
1364,686.0,967.7443037974683,5.0987341772151895,197.5,E
1365,686.0,341.6494401378122,5.1610680447889745,193.5,F
1366,686.0,1096.1427230046947,6.16244131455399,177.5,G
1367,686.0,653.0816326530612,9.673469387755102,98.0,H
1368,686.0,81.67444120505344,6.860058309037901,171.5,I
1369,687.0,215.07575757575756,7.6767676767676765,99.0,A
1370,687.0,848.0351405622489,4.478915662650603,166.0,B
1371,687.0,600.123123123123,8.03003003003003,55.5,C
1372,687.0,467.9185823754789,4.658045977011494,174.0,D
1373,687.0,967.6615776081425,5.081424936386768,196.5,E
1374,687.0,341.6494401378122,5.1610680447889745,193.5,F
1375,687.0,1096.1427230046947,6.16244131455399,177.5,G
1376,687.0,653.0816326530612,9.673469387755102,98.0,H
1377,687.0,81.58753709198812,6.818001978239367,168.5,I
1378,688.0,215.155,7.625,100.0,A
1379,688.0,847.984984984985,4.49049049049049,166.5,B
1380,688.0,600.3033033033032,7.954954954954955,55.5,C
1381,688.0,467.9185823754789,4.658045977011494,174.0,D
1382,688.0,967.6615776081425,5.081424936386768,196.5,E
1383,688.0,341.6494401378122,5.1610680447889745,193.5,F
1384,688.0,1096.0690943043883,6.175536881419234,178.5,G
1385,688.0,653.0816326530612,9.673469387755102,98.0,H
1386,688.0,81.7072463768116,6.752657004830917,172.5,I
1387,689.0,215.2070707070707,7.606060606060606,99.0,A
1388,689.0,847.9361277445108,4.482035928143713,167.0,B
1389,689.0,600.2721712538226,7.908256880733945,54.5,C
1390,689.0,467.9185823754789,4.658045977011494,174.0,D
1391,689.0,967.6615776081425,5.081424936386768,196.5,E
1392,689.0,341.6494401378122,5.1610680447889745,193.5,F
1393,689.0,1096.0690943043883,6.175536881419234,178.5,G
1394,689.0,653.0816326530612,9.673469387755102,98.0,H
1395,689.0,81.79178885630499,6.7350928641251215,170.5,I
1396,690.0,215.055,7.536666666666666,100.0,A
1397,690.0,848.0351405622489,4.478915662650603,166.0,B
1398,690.0,600.2211838006231,7.862928348909657,53.5,C
1399,690.0,467.9185823754789,4.658045977011494,174.0,D
1400,690.0,967.7020202020202,5.0993265993265995,198.0,E
1401,690.0,341.73724489795916,5.170068027210884,196.0,F
1402,690.0,1096.1427230046947,6.16244131455399,177.5,G
1403,690.0,653.0816326530612,9.673469387755102,98.0,H
1404,690.0,81.71091445427729,6.727630285152409,169.5,I
1405,691.0,214.9271844660194,7.590614886731391,103.0,A
1406,691.0,847.9361277445108,4.482035928143713,167.0,B
1407,691.0,600.2211838006231,7.862928348909657,53.5,C
1408,691.0,467.9185823754789,4.658045977011494,174.0,D
1409,691.0,967.7020202020202,5.0993265993265995,198.0,E
1410,691.0,341.73724489795916,5.170068027210884,196.0,F
1411,691.0,1096.1899335232667,6.1244064577397905,175.5,G
1412,691.0,653.0816326530612,9.673469387755102,98.0,H
1413,691.0,81.49649649649649,6.728728728728728,166.5,I
1414,692.0,215.02403846153845,7.570512820512819,104.0,A
1415,692.0,848.0351405622489,4.478915662650603,166.0,B
1416,692.0,600.2211838006231,7.862928348909657,53.5,C
1417,692.0,467.9933712121212,4.622159090909091,176.0,D
1418,692.0,967.8894430590191,5.109725685785536,200.5,E
1419,692.0,341.73724489795916,5.170068027210884,196.0,F
1420,692.0,1096.1899335232667,6.1244064577397905,175.5,G
1421,692.0,653.0816326530612,9.673469387755102,98.0,H
1422,692.0,81.33131923464249,6.736153071500503,165.5,I
1423,693.0,215.09223300970874,7.543689320388349,103.0,A
1424,693.0,848.0351405622489,4.478915662650603,166.0,B
1425,693.0,600.2211838006231,7.862928348909657,53.5,C
1426,693.0,467.9933712121212,4.622159090909091,176.0,D
1427,693.0,967.8061821219715,5.1002506265664165,199.5,E
1428,693.0,341.73724489795916,5.170068027210884,196.0,F
1429,693.0,1096.1899335232667,6.1244064577397905,175.5,G
1430,693.0,653.0816326530612,9.673469387755102,98.0,H
1431,693.0,81.25835866261399,6.789260385005066,164.5,I
1432,694.0,214.95813204508855,7.539452495974234,103.5,A
1433,694.0,848.0351405622489,4.478915662650603,166.0,B
1434,694.0,600.087087087087,7.831831831831831,55.5,C
1435,694.0,468.0499058380414,4.604519774011299,177.0,D
1436,694.0,967.8745874587459,5.123762376237623,202.0,E
1437,694.0,341.73724489795916,5.170068027210884,196.0,F
1438,694.0,1096.1899335232667,6.1244064577397905,175.5,G
1439,694.0,653.0816326530612,9.673469387755102,98.0,H
1440,694.0,81.2809667673716,6.763343403826787,165.5,I
1441,695.0,215.55940594059405,7.5049504950495045,101.0,A
1442,695.0,848.0351405622489,4.478915662650603,166.0,B
1443,695.0,600.0703363914373,7.8746177370030574,54.5,C
1444,695.0,467.9933712121212,4.622159090909091,176.0,D
1445,695.0,967.973063973064,5.047138047138047,198.0,E
1446,695.0,341.78205128205127,5.1529914529914524,195.0,F
1447,695.0,1096.0228571428572,6.103809523809523,175.0,G
1448,695.0,653.0748299319728,9.64795918367347,98.0,H
1449,695.0,81.40923076923077,6.74974358974359,162.5,I
1450,696.0,215.76581196581193,7.441025641025641,97.5,A
1451,696.0,848.0351405622489,4.478915662650603,166.0,B
1452,696.0,600.0703363914373,7.8746177370030574,54.5,C
1453,696.0,467.9933712121212,4.622159090909091,176.0,D
1454,696.0,967.973063973064,5.047138047138047,198.0,E
1455,696.0,341.78205128205127,5.1529914529914524,195.0,F
1456,696.0,1095.915254237288,6.170433145009415,177.0,G
1457,696.0,653.0748299319728,9.64795918367347,98.0,H
1458,696.0,81.55725971370143,6.7280163599181995,163.0,I
1459,697.0,216.07426597582037,7.516407599309153,96.5,A
1460,697.0,848.0351405622489,4.478915662650603,166.0,B
1461,697.0,599.9968847352025,7.937694704049844,53.5,C
1462,697.0,467.9933712121212,4.622159090909091,176.0,D
1463,697.0,967.973063973064,5.047138047138047,198.0,E
1464,697.0,341.78205128205127,5.1529914529914524,195.0,F
1465,697.0,1095.915254237288,6.170433145009415,177.0,G
1466,697.0,653.0748299319728,9.64795918367347,98.0,H
1467,697.0,81.06729758149316,6.771819137749737,158.5,I
1468,698.0,216.18481848184817,7.562706270627062,101.0,A
1469,698.0,847.9098277608915,4.48530901722391,164.5,B
1470,698.0,599.8318042813455,7.969418960244648,54.5,C
1471,698.0,467.9933712121212,4.622159090909091,176.0,D
1472,698.0,967.8891708967851,5.037225042301184,197.0,E
1473,698.0,341.6578947368421,5.098245614035087,190.0,F
1474,698.0,1095.8426966292134,6.155430711610486,178.0,G
1475,698.0,652.9479166666666,9.635416666666666,96.0,H
1476,698.0,81.03525641025641,6.799145299145298,156.0,I
1477,699.0,216.26530612244898,7.5272108843537415,98.0,A
1478,699.0,847.9098277608915,4.48530901722391,164.5,B
1479,699.0,599.814465408805,8.00943396226415,53.0,C
1480,699.0,467.9933712121212,4.622159090909091,176.0,D
1481,699.0,967.9781144781144,5.05976430976431,198.0,E
1482,699.0,341.6409597257926,5.1422450728363325,194.5,F
1483,699.0,1095.986111111111,6.173148148148147,180.0,G
1484,699.0,653.0748299319728,9.64795918367347,98.0,H
1485,699.0,80.84473398479913,6.814332247557004,153.5,I
1486,700.0,216.37,7.488333333333332,100.0,A
1487,700.0,847.9098277608915,4.48530901722391,164.5,B
1488,700.0,599.814465408805,8.00943396226415,53.0,C
1489,700.0,467.9933712121212,4.622159090909091,176.0,D
1490,700.0,967.9781144781144,5.05976430976431,198.0,E
1491,700.0,341.6409597257926,5.1422450728363325,194.5,F
1492,700.0,1095.9611111111112,6.18148148148148,180.0,G
1493,700.0,653.0748299319728,9.64795918367347,98.0,H
1494,700.0,80.94066882416396,6.783171521035599,154.5,I
1495,701.0,216.4607843137255,7.429738562091503,102.0,A
1496,701.0,847.9098277608915,4.48530901722391,164.5,B
1497,701.0,599.7051282051282,8.028846153846153,52.0,C
1498,701.0,467.9933712121212,4.622159090909091,176.0,D
1499,701.0,967.8515691263782,5.04156064461408,196.5,E
1500,701.0,341.6856158484065,5.1248923341946595,193.5,F
1501,701.0,1095.9050279329608,6.1685288640595894,179.0,G
1502,701.0,652.9479166666666,9.635416666666666,96.0,H
1503,701.0,81.58441558441558,6.922077922077922,154.0,I
1504,702.0,215.8252427184466,7.407766990291262,103.0,A
1505,702.0,847.9098277608915,4.48530901722391,164.5,B
1506,702.0,599.7295597484276,7.981132075471698,53.0,C
1507,702.0,467.97064393939394,4.65625,176.0,D
1508,702.0,967.9781144781144,5.05976430976431,198.0,E
1509,702.0,341.6856158484065,5.1248923341946595,193.5,F
1510,702.0,1095.915254237288,6.170433145009415,177.0,G
1511,702.0,653.0816326530612,9.673469387755102,98.0,H
1512,702.0,80.85762711864406,6.7898305084745765,147.5,I
1513,703.0,216.08375209380233,7.45896147403685,99.5,A
1514,703.0,847.9098277608915,4.48530901722391,164.5,B
1515,703.0,599.7295597484276,7.981132075471698,53.0,C
1516,703.0,467.97064393939394,4.65625,176.0,D
1517,703.0,967.973063973064,5.047138047138047,198.0,E
1518,703.0,341.6856158484065,5.1248923341946595,193.5,F
1519,703.0,1096.0436397400185,6.185701021355617,179.5,G
1520,703.0,653.0816326530612,9.673469387755102,98.0,H
1521,703.0,80.7511574074074,6.7094907407407405,144.0,I
1522,704.0,215.66505636070852,7.420289855072464,103.5,A
1523,704.0,847.5054401582591,4.616221562809099,168.5,B
1524,704.0,599.3333333333334,8.013071895424837,51.0,C
1525,704.0,467.97064393939394,4.65625,176.0,D
1526,704.0,967.973063973064,5.047138047138047,198.0,E
1527,704.0,341.6409597257926,5.1422450728363325,194.5,F
1528,704.0,1096.0055865921788,6.17877094972067,179.0,G
1529,704.0,653.0816326530612,9.673469387755102,98.0,H
1530,704.0,81.01814058956916,6.918367346938775,147.0,I
1531,707.0,215.86928104575162,7.431372549019608,102.0,A
1532,707.0,847.8595959595958,4.496969696969697,165.0,B
1533,707.0,599.0705128205128,8.125,52.0,C
1534,707.0,468.2851851851852,4.622222222222222,180.0,D
1535,707.0,967.8891708967851,5.032148900169204,197.0,E
1536,707.0,341.6409597257926,5.1422450728363325,194.5,F
1537,707.0,1096.0999066293182,6.167133520074696,178.5,G
1538,707.0,653.0816326530612,9.673469387755102,98.0,H
1539,707.0,80.8797619047619,6.878571428571429,140.0,I
1540,708.0,215.86928104575162,7.431372549019608,102.0,A
1541,708.0,847.8595959595958,4.496969696969697,165.0,B
1542,708.0,598.6941896024465,8.02446483180428,54.5,C
1543,708.0,468.40587695133144,4.640955004591368,181.5,D
1544,708.0,967.8515691263782,5.015267175572519,196.5,E
1545,708.0,341.6409597257926,5.1422450728363325,194.5,F
1546,708.0,1096.135593220339,6.146892655367232,177.0,G
1547,708.0,653.0816326530612,9.673469387755102,98.0,H
1548,708.0,81.02142857142857,6.9,140.0,I
1549,715.0,215.55151515151513,7.653333333333332,137.5,A
1550,715.0,848.3587398373983,4.377032520325203,164.0,B
1551,715.0,597.9385113268609,8.15210355987055,51.5,C
1552,715.0,467.63055555555553,4.287037037037037,180.0,D
1553,715.0,963.4048192771085,27.620883534136546,207.5,E
1554,715.0,332.66283524904213,34.43103448275862,174.0,F
1555,715.0,1095.8942857142856,6.111428571428571,175.0,G
1556,715.0,652.675,9.426666666666666,100.0,H
1557,715.0,81.6171497584541,7.25,138.0,I
1558,716.0,81.36352657004831,7.277777777777777,138.0,A
1559,716.0,848.4331395348837,4.297480620155039,172.0,B
1560,716.0,597.6698412698412,8.133333333333333,52.5,C
1561,716.0,467.0652557319224,4.271604938271604,189.0,D
1562,716.0,215.6448275862069,7.755172413793104,145.0,E
1563,716.0,322.34383202099735,43.898512685914255,190.5,F
1564,716.0,1096.0939663699307,6.061325420375865,168.5,G
1565,716.0,652.6229773462783,9.453074433656958,103.0,H
1566,717.0,81.81536555142503,7.225526641883518,134.5,A
1567,717.0,848.3888888888889,4.273879142300195,171.0,B
1568,717.0,597.6698412698412,8.133333333333333,52.5,C
1569,717.0,976.9723756906077,63.239410681399626,181.0,D
1570,717.0,215.5344827586207,7.7620689655172415,145.0,E
1571,717.0,308.5395948434622,69.79281767955801,181.0,F
1572,717.0,1096.0480392156862,6.088235294117647,170.0,G
1573,717.0,652.6875,9.458333333333332,104.0,H
1574,718.0,81.87150127226462,7.237913486005088,131.0,A
1575,718.0,848.4147058823529,4.253921568627451,170.0,B
1576,718.0,597.6698412698412,8.133333333333333,52.5,C
1577,718.0,977.7644320297951,77.98882681564245,179.0,D
1578,718.0,215.19607843137254,7.8385236447520175,144.5,E
1579,718.0,295.06835443037977,92.97552742616033,197.5,F
1580,718.0,1096.0505952380952,6.069444444444445,168.0,G
1581,718.0,652.7208931419457,9.45773524720893,104.5,H
1582,719.0,81.82352941176471,7.105882352941176,127.5,A
1583,719.0,848.3888888888889,4.273879142300195,171.0,B
1584,719.0,597.6698412698412,8.133333333333333,52.5,C
1585,719.0,980.4722222222222,78.3425925925926,180.0,D
1586,719.0,215.09291521486642,7.8339140534262475,143.5,E
1587,719.0,464.83477633477634,80.03896103896103,231.0,F
1588,719.0,1096.0563947633432,6.057401812688822,165.5,G
1589,719.0,652.7835703001579,9.481832543443916,105.5,H
1590,719.0,298.19714285714286,111.00380952380951,175.0,I
1591,720.0,81.72762645914396,7.1660181582360565,128.5,A
1592,720.0,848.2785782901055,4.340057636887608,173.5,B
1593,720.0,597.6698412698412,8.133333333333333,52.5,C
1594,720.0,980.973628691983,85.15084388185653,158.0,D
1595,720.0,214.91869918699186,7.887340301974448,143.5,E
1596,720.0,458.33257403189066,115.4563401670463,219.5,F
1597,720.0,1095.88123752495,6.078842315369261,167.0,G
1598,720.0,652.7835703001579,9.481832543443916,105.5,H
1599,720.0,299.4965174129353,125.00199004975124,167.5,I
1600,721.0,81.78835978835978,7.111111111111111,126.0,A
1601,721.0,848.3888888888889,4.273879142300195,171.0,B
1602,721.0,597.6698412698412,8.133333333333333,52.5,C
1603,721.0,982.1616982836493,81.19602529358626,184.5,D
1604,721.0,214.91787439613526,7.7765700483091775,138.0,E
1605,721.0,299.14726368159205,129.6,167.5,F
1606,721.0,1095.816091954023,6.239463601532566,174.0,G
1607,721.0,652.848200312989,9.496087636932707,106.5,H
1608,722.0,82.01075268817203,7.104838709677419,124.0,A
1609,722.0,848.4147058823529,4.253921568627451,170.0,B
1610,722.0,597.7320872274142,8.174454828660435,53.5,C
1611,722.0,980.3664825046039,81.64825046040515,181.0,D
1612,722.0,214.68471720818292,7.790613718411552,138.5,E
1613,722.0,446.80264180264174,168.77466977466977,214.5,F
1614,722.0,1103.0249433106576,35.528344671201815,220.5,G
1615,722.0,652.848200312989,9.496087636932707,106.5,H
1616,722.0,300.50553877139976,136.82275931520644,165.5,I
1617,723.0,82.19298245614034,7.1147098515519565,123.5,A
1618,723.0,848.3675464320625,4.24633431085044,170.5,B
1619,723.0,597.7320872274142,8.174454828660435,53.5,C
1620,723.0,303.4743991640543,143.3312434691745,159.5,D
1621,723.0,214.91787439613526,7.7765700483091775,138.0,E
1622,723.0,434.22641509433964,206.71462264150944,212.0,F
1623,723.0,979.6582491582491,84.21717171717172,198.0,G
1624,723.0,652.848200312989,9.496087636932707,106.5,H
1625,724.0,81.77350427350427,7.243589743589744,117.0,A
1626,724.0,848.3420796890184,4.266277939747328,171.5,B
1627,724.0,597.7320872274142,8.174454828660435,53.5,C
1628,724.0,303.26666666666665,145.2075268817204,155.0,D
1629,724.0,215.2841726618705,7.749400479616306,139.0,E
1630,724.0,432.1251071122536,222.84490145672663,194.5,F
1631,724.0,979.354324097397,84.21746431570108,198.5,G
1632,724.0,652.7835703001579,9.481832543443916,105.5,H
1633,724.0,1098.3014018691588,101.04049844236759,214.0,I
1634,728.0,81.93114241001564,7.270735524256651,106.5,A
1635,728.0,848.3888888888889,4.273879142300195,171.0,B
1636,728.0,597.2398753894081,8.401869158878505,53.5,C
1637,728.0,307.73678861788613,158.609756097561,164.0,D
1638,728.0,215.51493428912784,7.745519713261649,139.5,E
1639,728.0,425.3885109599395,276.9463340891912,220.5,F
1640,728.0,977.9022108843536,92.09438775510205,196.0,G
1641,728.0,652.7835703001579,9.481832543443916,105.5,H
1642,728.0,1086.8270787343633,262.87637969094925,226.5,I
1643,729.0,81.96794871794872,7.256410256410256,104.0,A
1644,729.0,848.3420796890184,4.266277939747328,171.5,B
1645,729.0,597.1467889908257,8.152905198776757,54.5,C
1646,729.0,309.2788259958071,159.84486373165618,159.0,D
1647,729.0,215.56785714285715,7.745238095238094,140.0,E
1648,729.0,425.0573394495413,278.00993883792046,218.0,F
1649,729.0,977.6567567567567,93.73063063063061,185.0,G
1650,729.0,652.848200312989,9.496087636932707,106.5,H
1651,729.0,1081.5806132542036,282.271018793274,168.5,I
1652,730.0,82.1159420289855,7.24476650563607,103.5,A
1653,730.0,848.3420796890184,4.266277939747328,171.5,B
1654,730.0,596.6315789473684,8.067251461988304,57.0,C
1655,730.0,309.75527426160335,163.0675105485232,158.0,D
1656,730.0,215.56785714285715,7.745238095238094,140.0,E
1657,730.0,423.5098502758077,279.98581560283685,211.5,F
1658,730.0,977.2342592592593,96.16666666666667,180.0,G
1659,730.0,652.848200312989,9.496087636932707,106.5,H
1660,730.0,1060.2932604735884,313.52823315118394,183.0,I
1661,731.0,82.19897959183673,7.093537414965986,98.0,A
1662,731.0,848.3420796890184,4.266277939747328,171.5,B
1663,731.0,596.4818181818182,8.027272727272727,55.0,C
1664,731.0,310.64627930682974,165.841997961264,163.5,D
1665,731.0,215.56785714285715,7.745238095238094,140.0,E
1666,731.0,424.58805744520026,282.5003779289493,220.5,F
1667,731.0,976.5913120567376,98.625,188.0,G
1668,731.0,652.848200312989,9.496087636932707,106.5,H
1669,731.0,1036.9249394673122,341.8498789346247,206.5,I
1670,732.0,82.03333333333333,7.1385964912280695,95.0,A
1671,732.0,848.3420796890184,4.266277939747328,171.5,B
1672,732.0,595.9765625,7.75,64.0,C
1673,732.0,309.96969696969694,167.37095088819225,159.5,D
1674,732.0,215.4468085106383,7.747044917257683,141.0,E
1675,732.0,423.631746031746,283.3904761904762,210.0,F
1676,732.0,976.563492063492,99.46649029982362,189.0,G
1677,732.0,652.7835703001579,9.481832543443916,105.5,H
1678,732.0,1035.6,358.79086757990865,182.5,I
1679,733.0,82.10374149659863,7.214285714285714,98.0,A
1680,733.0,848.3420796890184,4.266277939747328,171.5,B
1681,733.0,595.9769230769231,7.7,65.0,C
1682,733.0,310.7548125633232,170.35663627152988,164.5,D
1683,733.0,215.01182033096924,7.742316784869975,141.0,E
1684,733.0,424.5953971789161,285.8685968819599,224.5,F
1685,733.0,975.3611940298507,103.38109452736317,167.5,G
1686,733.0,652.7507936507936,9.482539682539683,105.0,H
1687,733.0,1041.7001972386586,383.79684418145956,169.0,I
1688,734.0,82.13299663299662,7.257575757575758,99.0,A
1689,734.0,848.3420796890184,4.266277939747328,171.5,B
1690,734.0,596.0909090909091,7.704545454545454,66.0,C
1691,734.0,311.69047619047615,173.02277432712214,161.0,D
1692,734.0,214.94899169632265,7.742586002372478,140.5,E
1693,734.0,424.53437967115093,288.059043348281,223.0,F
1694,734.0,974.6704545454545,105.50852272727273,176.0,G
1695,734.0,652.7507936507936,9.482539682539683,105.0,H
1696,734.0,1061.9629629629628,407.9818754925137,211.5,I
1697,735.0,83.18795888399411,7.136563876651983,113.5,A
1698,735.0,848.3420796890184,4.266277939747328,171.5,B
1699,735.0,595.9769230769231,7.7,65.0,C
1700,735.0,311.6802083333333,174.51979166666666,160.0,D
1701,735.0,215.47732426303853,7.753968253968253,147.0,E
1702,735.0,424.95109104589915,289.1467268623025,221.5,F
1703,735.0,973.9672801635991,108.40899795501021,163.0,G
1704,735.0,652.8372827804106,9.5260663507109,105.5,H
1705,735.0,1074.3096366508687,408.5584518167456,211.0,I
1706,736.0,99.7900709219858,5.15886524822695,117.5,A
1707,736.0,848.3945578231292,4.267249757045675,171.5,B
1708,736.0,595.9765625,7.75,64.0,C
1709,736.0,311.87245444801715,177.28938906752413,155.5,D
1710,736.0,214.94930291508237,7.579214195183777,131.5,E
1711,736.0,425.50454545454545,291.3674242424242,220.0,F
1712,736.0,973.4057971014493,110.00193236714975,172.5,G
1713,736.0,652.8546603475512,9.522906793048973,105.5,H
1714,736.0,1098.4814814814813,406.7865497076023,171.0,I
